ID;Tipo;SKU;Nombre;Publicado;Visibilidad en el catálogo;Inventario; Precio rebajado ; Precio normal ;10%;15%;20%;25%;30%;35%
599;simple;;SOMBRAS THE ROYAL PEACH PALETTE;'-1;visible;;;60000;;;;;;
603;simple;;ILUMINADOR ANASTASIA BEVERLY HILLS;'-1;visible;;;36000;;;;;;
616;simple;;Lavabrochas Brushes Egg;'-1;visible;;;10000;;;;;;
683;variable;;POLVOS L'OR?AL;'-1;visible;;;;;;;;;
703;simple;;LABIALES KYLIE VACATION X12;'-1;visible;;;55000;;;;;;
726;simple;;EXTRACTOR PUNTOS NEGROS;'-1;visible;;;65000;;;;;;
762;variable;;CORRECTOR DE OJERAS AGE RE;'-1;visible;;;;;;;;;
107763;simple;;AFEITADORA - 2 EN 1;1;visible;100;; $65.000 ; $58.500 ; $49.725 ; $39.780 ; $29.835 ; $20.885 ; $13.575 
771;variable;;DESMAQUILLADOR DE OJOS Y LABIOS;'-1;visible;;;;;;;;;
63823;simple;;AGUA DE HAMAMELIS;1;visible;;; $11.000 ; $9.900 ; $8.415 ; $6.732 ; $5.049 ; $3.534 ; $2.297 
776;simple;;MASCARILLA DE CELULOSA COMPRIMIDA;'-1;visible;;;2000;;;;;;
63817;simple;;AGUA DE ROSAS;1;visible;;; $11.000 ; $9.900 ; $8.415 ; $6.732 ; $5.049 ; $3.534 ; $2.297 
52292;variable;;ARO LED SELFIE;1;visible;;;; $- ; $- ; $- ; $- ; $- ; $- 
52304;variation;;ARO LED SELFIE - BLANCO;1;visible;100;; $15.000 ; $13.500 ; $11.475 ; $9.180 ; $6.885 ; $4.820 ; $3.133 
52300;variation;;ARO LED SELFIE - NEGRO;1;visible;100;; $15.000 ; $13.500 ; $11.475 ; $9.180 ; $6.885 ; $4.820 ; $3.133 
35326;variable;;BASE PRO MATTE FOUNDATION;1;visible;;;; $- ; $- ; $- ; $- ; $- ; $- 
35357;variation;;BASE PRO MATTE FOUNDATION - GLM682;1;visible;;; $35.000 ; $31.500 ; $26.775 ; $21.420 ; $16.065 ; $11.246 ; $7.310 
35359;variation;;BASE PRO MATTE FOUNDATION - GLM684;1;visible;;; $35.000 ; $31.500 ; $26.775 ; $21.420 ; $16.065 ; $11.246 ; $7.310 
104134;variable;;BASE TRULY MATTE L.A COLORS;1;visible;;;; $- ; $- ; $- ; $- ; $- ; $- 
104256;variation;;BASE TRULY MATTE L.A COLORS - CAFE CLM360;1;visible;;; $30.000 ; $27.000 ; $22.950 ; $18.360 ; $13.770 ; $9.639 ; $6.265 
35102;simple;;AQUARIUM GLITTER;'-1;visible;;;50000;;;;;;
35109;simple;;SOMBRAS MODERN RENAISSANCE PALETTE;'-1;visible;;;120000;;;;;;
35113;simple;;BROCHAS SIRENA ORO;'-1;visible;;;45000;;;;;;
104257;variation;;BASE TRULY MATTE L.A COLORS - CAPPUCINO CLM363;1;visible;;; $30.000 ; $27.000 ; $22.950 ; $18.360 ; $13.770 ; $9.639 ; $6.265 
104258;variation;;BASE TRULY MATTE L.A COLORS - MAHAGANY CLM364;1;visible;;; $30.000 ; $27.000 ; $22.950 ; $18.360 ; $13.770 ; $9.639 ; $6.265 
104255;variation;;BASE TRULY MATTE L.A COLORS - MEDIUM BEIGE CLM356;1;visible;;; $30.000 ; $27.000 ; $22.950 ; $18.360 ; $13.770 ; $9.639 ; $6.265 
104254;variation;;BASE TRULY MATTE L.A COLORS - SAND CLM355;1;visible;;; $30.000 ; $27.000 ; $22.950 ; $18.360 ; $13.770 ; $9.639 ; $6.265 
35161;simple;;SET KYLIE VACATION X4;'-1;visible;;;25000;;;;;;
35165;simple;;PALETA DE CONTOURING HIGHLIGHT & CONTOUR PRO PALETTE;'-1;visible;;;40000;;;;;;
35171;simple;;MASAJEADOR FACIAL 5 EN 1 - VIEJO;'-1;visible;;;15000;;;;;;
104253;variation;;BASE TRULY MATTE L.A COLORS - SOFT BEIGE CLM354;1;visible;;; $30.000 ; $27.000 ; $22.950 ; $18.360 ; $13.770 ; $9.639 ; $6.265 
35089;variable;;BEAUTY BLENDER;1;visible;;;; $- ; $- ; $- ; $- ; $- ; $- 
35193;simple;;PESTA?INA MAYBELLINE VOLUM' EXTREME THE COLOSSAL + DELINEADOR Y POLVO TRANSLUCIDO;'-1;visible;;;35000;;;;;;
35244;simple;;SOMBRA THE SWEETEST PALETE;'-1;visible;;;40000;;;;;;
35248;simple;;GLITTER PRIMER;'-1;visible;;;10000;;;;;;
35258;simple;;BROCHAS CITY COLOR PHOTO CHIC SET 15PCS;'-1;visible;;;85000;;;;;;
98203;variation;;BEAUTY BLENDER - BEIGE;1;visible;100;; $15.000 ; $13.500 ; $11.475 ; $9.180 ; $6.885 ; $4.820 ; $3.133 
98202;variation;;BEAUTY BLENDER - FUCSIA;1;visible;100;; $15.000 ; $13.500 ; $11.475 ; $9.180 ; $6.885 ; $4.820 ; $3.133 
35295;simple;;COPPERELLA;'-1;visible;;;55000;;;;;;
35310;simple;;LABIALES KYLIE BLACK EDITION X11;'-1;visible;;;55000;;;;;;
98204;variation;;BEAUTY BLENDER - NEGRO;1;visible;100;; $15.000 ; $13.500 ; $11.475 ; $9.180 ; $6.885 ; $4.820 ; $3.133 
35347;variation;;BASE PRO MATTE FOUNDATION - GLM671;0;visible;;;35000;;;;;;
35348;variation;;BASE PRO MATTE FOUNDATION - GLM672;0;visible;;;35000;;;;;;
35349;variation;;BASE PRO MATTE FOUNDATION - GLM673;0;visible;;;35000;;;;;;
35350;variation;;BASE PRO MATTE FOUNDATION - GLM674;0;visible;;;35000;;;;;;
35351;variation;;BASE PRO MATTE FOUNDATION - GLM675;0;visible;;;35000;;;;;;
35352;variation;;BASE PRO MATTE FOUNDATION - GLM676;0;visible;;;35000;;;;;;
35353;variation;;BASE PRO MATTE FOUNDATION - GLM678;0;visible;;;35000;;;;;;
35354;variation;;BASE PRO MATTE FOUNDATION - GLM679;0;visible;;;35000;;;;;;
35355;variation;;BASE PRO MATTE FOUNDATION - GLM680;0;visible;;;35000;;;;;;
35356;variation;;BASE PRO MATTE FOUNDATION - GLM681;0;visible;;;35000;;;;;;
35792;simple;;Brocha para Mascarilla Fucsia;1;visible;;; $5.000 ; $4.500 ; $3.825 ; $3.060 ; $2.295 ; $1.607 ; $1.044 
35358;variation;;BASE PRO MATTE FOUNDATION - GLM683;0;visible;;;35000;;;;;;
104274;simple;;BROCHA PARA MASCARILLA ROSA;1;visible;;; $6.000 ; $5.400 ; $4.590 ; $3.672 ; $2.754 ; $1.928 ; $1.253 
35361;variation;;BASE PRO MATTE FOUNDATION - GLM677;0;visible;;;35000;;;;;;
119129;simple;;BROCHAS BASIC ROSE;1;visible;;; $40.000 ; $36.000 ; $30.600 ; $24.480 ; $18.360 ; $12.852 ; $8.354 
119028;simple;;BROCHAS BASIC WHITE;1;visible;;; $40.000 ; $36.000 ; $30.600 ; $24.480 ; $18.360 ; $12.852 ; $8.354 
35415;variation;;ESSENTIAL BRUSH COLLECTION - CBR51;0;visible;;;8000;;;;;;
35416;variation;;ESSENTIAL BRUSH COLLECTION - CBR52;0;visible;;;8000;;;;;;
35417;variation;;ESSENTIAL BRUSH COLLECTION - CBR53;0;visible;;;8000;;;;;;
35418;variation;;ESSENTIAL BRUSH COLLECTION - CBR54;0;visible;;;8000;;;;;;
35419;variation;;ESSENTIAL BRUSH COLLECTION - CBR55;0;visible;;;8000;;;;;;
35120;simple;;BROCHAS BH CHIC BH COSMETICS;1;visible;;; $55.000 ; $49.500 ; $42.075 ; $33.660 ; $25.245 ; $17.672 ; $11.486 
35421;variation;;ESSENTIAL BRUSH COLLECTION - CBR57;0;visible;;;8000;;;;;;
118478;simple;;BROCHAS BH CRYSTAL QUARTZ BH COSMETICS;1;visible;;; $55.000 ; $49.500 ; $42.075 ; $33.660 ; $25.245 ; $17.672 ; $11.486 
102220;simple;;BROCHAS BH GRAY BH COSMETICS;1;visible;;; $50.000 ; $45.000 ; $38.250 ; $30.600 ; $22.950 ; $16.065 ; $10.442 
35424;variation;;ESSENTIAL BRUSH COLLECTION - CBR60;0;visible;;;8000;;;;;;
101277;simple;;BROCHAS BH SIGNATURE ROSE GOLD BLACK BH COSMETICS;1;visible;;; $65.000 ; $58.500 ; $49.725 ; $39.780 ; $29.835 ; $20.885 ; $13.575 
102001;simple;;BROCHAS BH SIGNATURE ROSSE GOLD WHITE;1;visible;;; $65.000 ; $58.500 ; $49.725 ; $39.780 ; $29.835 ; $20.885 ; $13.575 
41443;simple;;BROCHAS CONCHA;1;visible;30;; $40.000 ; $36.000 ; $30.600 ; $24.480 ; $18.360 ; $12.852 ; $8.354 
96123;simple;;BROCHAS DIAMANTE ARCOIRIS;1;visible;;; $45.000 ; $40.500 ; $34.425 ; $27.540 ; $20.655 ; $14.459 ; $9.398 
119153;simple;;BROCHAS DIAMANTE GLITTER;1;visible;;; $45.000 ; $40.500 ; $34.425 ; $27.540 ; $20.655 ; $14.459 ; $9.398 
96122;simple;;BROCHAS DIAMANTE TORNASOL;1;visible;;; $45.000 ; $40.500 ; $34.425 ; $27.540 ; $20.655 ; $14.459 ; $9.398 
104207;simple;;BROCHAS GALAXY ROSA;1;visible;;; $45.000 ; $40.500 ; $34.425 ; $27.540 ; $20.655 ; $14.459 ; $9.398 
71584;simple;;BROCHAS MARMOL;1;visible;;; $40.000 ; $36.000 ; $30.600 ; $24.480 ; $18.360 ; $12.852 ; $8.354 
50826;simple;;BROCHAS ORO ROSA;1;visible;;; $40.000 ; $36.000 ; $30.600 ; $24.480 ; $18.360 ; $12.852 ; $8.354 
119173;simple;;BROCHAS ROSAMOR 15 PCS;1;visible;60;; $55.000 ; $49.500 ; $42.075 ; $33.660 ; $25.245 ; $17.672 ; $11.486 
128623;simple;;BROCHAS ROSE DREAMS;1;visible;;; $30.000 ; $27.000 ; $22.950 ; $18.360 ; $13.770 ; $9.639 ; $6.265 
35479;variation;;CORRECTOR PRO CONCEALER - GC993;0;visible;;;15000;;;;;;
35480;variation;;CORRECTOR PRO CONCEALER - GC994;0;visible;;;15000;;;;;;
35481;variation;;CORRECTOR PRO CONCEALER - GC995;0;visible;;;15000;;;;;;
35482;variation;;CORRECTOR PRO CONCEALER - GC996;0;visible;;;15000;;;;;;
104123;simple;;BROCHAS SECRET ROSE;1;visible;;; $45.000 ; $40.500 ; $34.425 ; $27.540 ; $20.655 ; $14.459 ; $9.398 
50378;simple;;BROCHAS SEMIPROFESIONAL 18 PCS;1;visible;;; $48.000 ; $43.200 ; $36.720 ; $29.376 ; $22.032 ; $15.422 ; $10.025 
35514;variation;;POMADA DE CEJAS - GBP361;0;visible;;;25000;;;;;;
35515;variation;;POMADA DE CEJAS - GBP362;0;visible;;;25000;;;;;;
100740;simple;;BROCHAS SEMIPROFESIONAL 24 PCS;1;visible;;; $60.000 ; $54.000 ; $45.900 ; $36.720 ; $27.540 ; $19.278 ; $12.531 
98432;simple;;BROCHAS SIRENA;1;visible;;; $45.000 ; $40.500 ; $34.425 ; $27.540 ; $20.655 ; $14.459 ; $9.398 
104152;simple;;BROCHAS SIRENA AZUL;1;visible;200;; $45.000 ; $40.500 ; $34.425 ; $27.540 ; $20.655 ; $14.459 ; $9.398 
35519;variation;;POMADA DE CEJAS - GBP366;0;visible;;;25000;;;;;;
35528;simple;;LAVABROCHAS EN SECO;'-1;visible;;;15000;;;;;;
35538;variable;;COMBO PLANCHA + RIZADOR;'-1;visible;;;;;;;;;
104129;simple;;BROCHAS SWEETS;1;visible;;; $45.000 ; $40.500 ; $34.425 ; $27.540 ; $20.655 ; $14.459 ; $9.398 
96108;simple;;BROCHAS UNICORNIO;1;visible;6;; $38.000 ; $34.200 ; $29.070 ; $23.256 ; $17.442 ; $12.209 ; $7.936 
122756;simple;;Bubblelicious (EXFOLIANTE PARA LABIOS);1;visible;20;; $25.000 ; $22.500 ; $19.125 ; $15.300 ; $11.475 ; $8.033 ; $5.221 
35719;simple;;BROCHAS BH ROSE ROMANCE BH COSMETICS;'-1;visible;;;50000;;;;;;
35724;simple;;BROCHAS BH CRYSTAL QUARTZ BH COSMETICS;'-1;visible;;;55000;;;;;;
50522;simple;;CEPILLO PARA CEJAS O PESTAÑAS 10PCS;1;visible;;; $5.000 ; $4.500 ; $3.825 ; $3.060 ; $2.295 ; $1.607 ; $1.044 
101266;simple;;CEPILLO SEPARADOR DE PESTAÑAS;1;visible;;; $7.000 ; $6.300 ; $5.355 ; $4.284 ; $3.213 ; $2.249 ; $1.462 
35821;simple;;COMBO AMOR #1;'-1;visible;;;80000;;;;;;
35824;simple;;COMBO AMOR #2;'-1;visible;;;135000;;;;;;
35826;simple;;COMBO AMOR #3;'-1;visible;;;75000;;;;;;
124670;simple;;COCONUT LIP MASK (balsamo para labios);1;visible;1;; $12.000 ; $10.800 ; $9.180 ; $7.344 ; $5.508 ; $3.856 ; $2.506 
35937;simple;;COMBO PRINCESA;'-1;visible;;;40000;;;;;;
35941;simple;;COMBO UNICORNIO;'-1;visible;;;50000;;;;;;
35943;simple;;COMBO DIAMANTE;'-1;visible;;;60000;;;;;;
35944;simple;;COMBO SIRENA;'-1;visible;;;40000;;;;;;
35973;simple;;COMBO SIRENA ROSA;'-1;visible;;;50000;;;;;;
35978;simple;;COMBO #2;'-1;visible;;;30000;;;;;;
35979;simple;;COMBO #4;'-1;visible;;;40000;;;;;;
35980;simple;;COMBO ARCOIRIS;'-1;visible;;;100000;;;;;;
36022;simple;;BROCHAS SIRENA;'-1;visible;;;45000;;;;;;
96116;simple;;COMBO OLLA 200gr;1;visible;;; $40.000 ; $36.000 ; $30.600 ; $24.480 ; $18.360 ; $12.852 ; $8.354 
36036;simple;;EXTRACTOR PUNTOS NEGROS 2;'-1;visible;;;70000;;;;;;
36051;simple;;COMBO FACIAL;'-1;visible;;;20000;;;;;;
36054;simple;;COMBO SIRENA BAKED;'-1;visible;;;50000;;;;;;
96115;simple;;COMBO OLLA 400gr;1;visible;;; $50.000 ; $45.000 ; $38.250 ; $30.600 ; $22.950 ; $16.065 ; $10.442 
63726;simple;;COMBO OLLA 500 GR;1;visible;;; $60.000 ; $54.000 ; $45.900 ; $36.720 ; $27.540 ; $19.278 ; $12.531 
35542;variation;;COMBO PLANCHA + RIZADOR - MORADO;1;visible;;; $40.000 ; $36.000 ; $30.600 ; $24.480 ; $18.360 ; $12.852 ; $8.354 
35540;variation;;COMBO PLANCHA + RIZADOR - ROSA;1;visible;;; $40.000 ; $36.000 ; $30.600 ; $24.480 ; $18.360 ; $12.852 ; $8.354 
35541;variation;;COMBO PLANCHA + RIZADOR - VERDE MENTA;1;visible;;; $40.000 ; $36.000 ; $30.600 ; $24.480 ; $18.360 ; $12.852 ; $8.354 
36161;simple;;EXTRACTOR PUNTOS NEGROS 1;'-1;visible;;;50000;;;;;;
36201;simple;;COMBO AGUA;'-1;visible;;;50000;;;;;;
36203;simple;;COMBO CALI;'-1;visible;;;60000;;;;;;
36237;simple;;COMBO CUIDADO FACIAL;'-1;visible;;;50000;;;;;;
36242;simple;;COMBO GLITTER;'-1;visible;;;20000;;;;;;
36243;simple;;COMBO DONA;'-1;visible;;;50000;;;;;;
36244;simple;;COMBO BAKED;'-1;visible;;;60000;;;;;;
119272;simple;;CONTORNO & ILUMINADOR GLAMOUR BAR;1;visible;;; $45.000 ; $40.500 ; $34.425 ; $27.540 ; $20.655 ; $14.459 ; $9.398 
36305;simple;;COMBO BANANA;'-1;visible;;;50000;;;;;;
36311;simple;;COMBO FACIAL;'-1;visible;;;20000;;;;;;
36312;simple;;COMBO BAKED;'-1;visible;;;40000;;;;;;
36313;simple;;COMBO SIRENA;'-1;visible;;;30000;;;;;;
36314;simple;;COMBO COSMETICS;'-1;visible;;;70000;;;;;;
96110;simple;;CONTOUR PALETTE 2;1;visible;;; $25.000 ; $22.500 ; $19.125 ; $15.300 ; $11.475 ; $8.033 ; $5.221 
36405;variation;;CORRECTOR INSTANT AGE REWIND ERASER TREATMENT - BUFF BEIGE;0;visible;;;35000;;;;;;
36406;variation;;CORRECTOR INSTANT AGE REWIND ERASER TREATMENT - BUFF;0;visible;;;35000;;;;;;
900;variation;;CORRECTOR DE OJERAS AGE RE - Fair;1;visible;;; $25.000 ; $22.500 ; $19.125 ; $15.300 ; $11.475 ; $8.033 ; $5.221 
36408;variation;;CORRECTOR INSTANT AGE REWIND ERASER TREATMENT - CREAMY BEIGE;0;visible;;;35000;;;;;;
769;variation;;CORRECTOR DE OJERAS AGE RE - Honey;1;visible;;; $25.000 ; $22.500 ; $19.125 ; $15.300 ; $11.475 ; $8.033 ; $5.221 
901;variation;;CORRECTOR DE OJERAS AGE RE - Light;1;visible;;; $25.000 ; $22.500 ; $19.125 ; $15.300 ; $11.475 ; $8.033 ; $5.221 
36411;variation;;CORRECTOR INSTANT AGE REWIND ERASER TREATMENT - HONEY;0;visible;;;35000;;;;;;
899;variation;;CORRECTOR DE OJERAS AGE RE - Medium;1;visible;;; $25.000 ; $22.500 ; $19.125 ; $15.300 ; $11.475 ; $8.033 ; $5.221 
902;variation;;CORRECTOR DE OJERAS AGE RE - Neutralizer;1;visible;;; $25.000 ; $22.500 ; $19.125 ; $15.300 ; $11.475 ; $8.033 ; $5.221 
36599;variable;;CORRECTOR INSTANT AGE REWIND ERASER DARK CIRCLES MAYBELLINE;1;visible;;;; $- ; $- ; $- ; $- ; $- ; $- 
36619;variation;;CORRECTOR INSTANT AGE REWIND ERASER DARK CIRCLES MAYBELLINE - MEDIUM;1;visible;14;; $30.000 ; $27.000 ; $22.950 ; $18.360 ; $13.770 ; $9.639 ; $6.265 
36416;variation;;CORRECTOR INSTANT AGE REWIND ERASER TREATMENT - TAN;0;visible;;;35000;;;;;;
36620;variation;;CORRECTOR INSTANT AGE REWIND ERASER DARK CIRCLES MAYBELLINE - NEUTRALIZER;1;visible;4;; $30.000 ; $27.000 ; $22.950 ; $18.360 ; $13.770 ; $9.639 ; $6.265 
36611;variation;;CORRECTOR INSTANT AGE REWIND ERASER DARK CIRCLES MAYBELLINE - BRIGHTENER;0;visible;;;30000;;;;;;
36612;variation;;CORRECTOR INSTANT AGE REWIND ERASER DARK CIRCLES MAYBELLINE - CARAMEL;0;visible;;;30000;;;;;;
36613;variation;;CORRECTOR INSTANT AGE REWIND ERASER DARK CIRCLES MAYBELLINE - FAIR;0;visible;;;30000;;;;;;
36614;variation;;CORRECTOR INSTANT AGE REWIND ERASER DARK CIRCLES MAYBELLINE - GOLDEN;0;visible;;;30000;;;;;;
36615;variation;;CORRECTOR INSTANT AGE REWIND ERASER DARK CIRCLES MAYBELLINE - HAZELNUT;0;visible;;;30000;;;;;;
36616;variation;;CORRECTOR INSTANT AGE REWIND ERASER DARK CIRCLES MAYBELLINE - HONEY;0;visible;5;;30000;;;;;;
36617;variation;;CORRECTOR INSTANT AGE REWIND ERASER DARK CIRCLES MAYBELLINE - IVORY;0;visible;;;30000;;;;;;
36618;variation;;CORRECTOR INSTANT AGE REWIND ERASER DARK CIRCLES MAYBELLINE - LIGHT;0;visible;;;30000;;;;;;
36404;variable;;CORRECTOR INSTANT AGE REWIND ERASER TREATMENT;1;visible;;;; $- ; $- ; $- ; $- ; $- ; $- 
36407;variation;;CORRECTOR INSTANT AGE REWIND ERASER TREATMENT - CLASSIC IVORY;1;visible;;; $35.000 ; $31.500 ; $26.775 ; $21.420 ; $16.065 ; $11.246 ; $7.310 
36621;variation;;CORRECTOR INSTANT AGE REWIND ERASER DARK CIRCLES MAYBELLINE - SAND;0;visible;;;30000;;;;;;
36622;variation;;CORRECTOR INSTANT AGE REWIND ERASER DARK CIRCLES MAYBELLINE - TAN;0;visible;;;30000;;;;;;
37048;simple;;COMBO DIAMANTE ARCOIRIS;'-1;visible;;;40000;;;;;;
37050;simple;;COMBO DIAMANTE AZUL;'-1;visible;;;40000;;;;;;
37053;simple;;COMBO FACIAL ROSA;'-1;visible;;;30000;;;;;;
37058;simple;;COMBO SUGAR;'-1;visible;;;40000;;;;;;
36409;variation;;CORRECTOR INSTANT AGE REWIND ERASER TREATMENT - CREAMY IVORY;1;visible;;; $35.000 ; $31.500 ; $26.775 ; $21.420 ; $16.065 ; $11.246 ; $7.310 
36410;variation;;CORRECTOR INSTANT AGE REWIND ERASER TREATMENT - CREAMY NATURAL;1;visible;;; $35.000 ; $31.500 ; $26.775 ; $21.420 ; $16.065 ; $11.246 ; $7.310 
36412;variation;;CORRECTOR INSTANT AGE REWIND ERASER TREATMENT - MEDIUM BEIGE;1;visible;;; $35.000 ; $31.500 ; $26.775 ; $21.420 ; $16.065 ; $11.246 ; $7.310 
36413;variation;;CORRECTOR INSTANT AGE REWIND ERASER TREATMENT - NUDE;1;visible;;; $35.000 ; $31.500 ; $26.775 ; $21.420 ; $16.065 ; $11.246 ; $7.310 
36414;variation;;CORRECTOR INSTANT AGE REWIND ERASER TREATMENT - PURE BEIGE;1;visible;;; $35.000 ; $31.500 ; $26.775 ; $21.420 ; $16.065 ; $11.246 ; $7.310 
37463;variation;;MAGIC BRA - BEIGE, A;0;visible;;;16000;;;;;;
36415;variation;;CORRECTOR INSTANT AGE REWIND ERASER TREATMENT - SANDY BEIGE;1;visible;;; $35.000 ; $31.500 ; $26.775 ; $21.420 ; $16.065 ; $11.246 ; $7.310 
35475;variable;;CORRECTOR PRO CONCEALER;1;visible;;;; $- ; $- ; $- ; $- ; $- ; $- 
35476;variation;;CORRECTOR PRO CONCEALER - GC990;1;visible;;; $15.000 ; $13.500 ; $11.475 ; $9.180 ; $6.885 ; $4.820 ; $3.133 
37467;variation;;MAGIC BRA - NEGRO, A;0;visible;;;16000;;;;;;
35477;variation;;CORRECTOR PRO CONCEALER - GC991;1;visible;;; $15.000 ; $13.500 ; $11.475 ; $9.180 ; $6.885 ; $4.820 ; $3.133 
35478;variation;;CORRECTOR PRO CONCEALER - GC992;1;visible;;; $15.000 ; $13.500 ; $11.475 ; $9.180 ; $6.885 ; $4.820 ; $3.133 
63669;variation;;COSMETIQUERA TORNASOL - TORNASOL HIELO;1;visible;83;; $15.000 ; $13.500 ; $11.475 ; $9.180 ; $6.885 ; $4.820 ; $3.133 
63661;variation;;COSMETIQUERA TORNASOL - TORNASOL MORADO;1;visible;32;; $15.000 ; $13.500 ; $11.475 ; $9.180 ; $6.885 ; $4.820 ; $3.133 
124685;simple;;CRYSTAL LIP GLAZE (gloss);1;visible;;; $7.000 ; $6.300 ; $5.355 ; $4.284 ; $3.213 ; $2.249 ; $1.462 
37488;variation;;Depilador Facial - Recargable - ROSADO;0;visible;;;40000;;;;;;
37489;variation;;Depilador Facial - Recargable - NEGRO;0;visible;;;40000;;;;;;
37490;variation;;Depilador Facial - Recargable - ROJO;0;visible;;;40000;;;;;;
37492;variable;;Depilador Facial - Pilas;1;visible;;;; $- ; $- ; $- ; $- ; $- ; $- 
37493;variation;;Depilador Facial - Pilas - BLANCO;1;visible;400;; $25.000 ; $22.500 ; $19.125 ; $15.300 ; $11.475 ; $8.033 ; $5.221 
37494;variation;;Depilador Facial - Pilas - ROSADO;0;visible;;;25000;;;;;;
37495;variation;;Depilador Facial - Pilas - NEGRO;0;visible;;;25000;;;;;;
37496;variation;;Depilador Facial - Pilas - ROJO;0;visible;;;25000;;;;;;
37878;simple;;COMBO MASCARA;'-1;visible;;;20000;;;;;;
37882;simple;;COMBO BARELYNUDE;'-1;visible;;;40000;;;;;;
37888;simple;;COMBO SHIMMER;'-1;visible;;;30000;;;;;;
37890;simple;;COMBO CUIDADO FACIAL;'-1;visible;;;30000;;;;;;
39246;simple;;COMBO NEGRO;'-1;visible;;;50000;;;;;;
39248;simple;;COMBO WAX;'-1;visible;;;20000;;;;;;
39251;simple;;COMBO SHINY;'-1;visible;;;40000;;;;;;
39257;simple;;COMBO COLOSSAL;'-1;visible;;;50000;;;;;;
39261;simple;;COMBO CARACOL;'-1;visible;;;20000;;;;;;
39267;simple;;COMBO BH;'-1;visible;;;50000;;;;;;
37477;variable;;Depilador Facial - Recargable;1;visible;;;; $- ; $- ; $- ; $- ; $- ; $- 
39396;simple;;PESTA?INA LASH SENSATIONAL;'-1;visible;35;;25000;;;;;;
39434;simple;;BEAUTY BLENDER SNAPCHIC;'-1;visible;;;20000;;;;;;
39458;simple;;COMBO LUNA;'-1;visible;;;90000;;;;;;
39460;simple;;COMBO REAL NUDE;'-1;visible;;;50000;;;;;;
39462;simple;;COMBO DEPILADOR;'-1;visible;;;30000;;;;;;
39464;simple;;COMBO BEAUTY;'-1;visible;;;20000;;;;;;
37487;variation;;Depilador Facial - Recargable - BLANCO;1;visible;400;; $40.000 ; $36.000 ; $30.600 ; $24.480 ; $18.360 ; $12.852 ; $8.354 
65725;variable;;DEPILADORA FEMENINA REMINGTON;1;visible;;;; $- ; $- ; $- ; $- ; $- ; $- 
39927;simple;;SOMBRA The Rude AWAKENING - Book 5;'-1;visible;;;70000;;;;;;
66030;variation;;DEPILADORA FEMENINA REMINGTON - ANIMAL PRINT;1;visible;;; $40.000 ; $36.000 ; $30.600 ; $24.480 ; $18.360 ; $12.852 ; $8.354 
66031;variation;;DEPILADORA FEMENINA REMINGTON - FLORES;1;visible;;; $40.000 ; $36.000 ; $30.600 ; $24.480 ; $18.360 ; $12.852 ; $8.354 
43169;simple;;PAPEL DE ARROZ;'-1;visible;;;10000;;;;;;
774;variation;;DESMAQUILLADOR DE OJOS Y LABIOS;1;visible;;; $45.000 ; $40.500 ; $34.425 ; $27.540 ; $20.655 ; $14.459 ; $9.398 
63327;simple;;DESMAQUILLADOR DUAL;1;visible;;; $20.000 ; $18.000 ; $15.300 ; $12.240 ; $9.180 ; $6.426 ; $4.177 
35891;simple;;ENCRESPADOR;1;visible;298;; $20.000 ; $18.000 ; $15.300 ; $12.240 ; $9.180 ; $6.426 ; $4.177 
104213;simple;;ENCRESPADOR RECARGABLE - CARGADOR PORTATIL;1;visible;;; $65.000 ; $58.500 ; $49.725 ; $39.780 ; $29.835 ; $20.885 ; $13.575 
104729;simple;;ESPEJO AGUA;1;visible;80;; $6.000 ; $5.400 ; $4.590 ; $3.672 ; $2.754 ; $1.928 ; $1.253 
50508;simple;;PALETA DE CORRECTORES DEL COLOR COLOUR CORRECTING PALETTE;'-1;visible;;;28000;;;;;;
96100;simple;;ESPEJO DONA;1;visible;;; $5.000 ; $4.500 ; $3.825 ; $3.060 ; $2.295 ; $1.607 ; $1.044 
50764;simple;;ESPEJO EMOJI;1;visible;;; $5.000 ; $4.500 ; $3.825 ; $3.060 ; $2.295 ; $1.607 ; $1.044 
64351;variable;;ESPEJO LED;1;visible;;;; $- ; $- ; $- ; $- ; $- ; $- 
64354;variation;;ESPEJO LED - BLANCO;1;visible;;; $45.000 ; $40.500 ; $34.425 ; $27.540 ; $20.655 ; $14.459 ; $9.398 
64355;variation;;ESPEJO LED - NEGRO;1;visible;;; $45.000 ; $40.500 ; $34.425 ; $27.540 ; $20.655 ; $14.459 ; $9.398 
64356;variation;;ESPEJO LED - ROSA;1;visible;;; $45.000 ; $40.500 ; $34.425 ; $27.540 ; $20.655 ; $14.459 ; $9.398 
35414;variable;;ESSENTIAL BRUSH COLLECTION;1;visible;;;; $- ; $- ; $- ; $- ; $- ; $- 
35420;variation;;ESSENTIAL BRUSH COLLECTION - CBR56;1;visible;;; $8.000 ; $7.200 ; $6.120 ; $4.896 ; $3.672 ; $2.570 ; $1.671 
35422;variation;;ESSENTIAL BRUSH COLLECTION - CBR58;1;visible;;; $8.000 ; $7.200 ; $6.120 ; $4.896 ; $3.672 ; $2.570 ; $1.671 
35423;variation;;ESSENTIAL BRUSH COLLECTION - CBR59;1;visible;;; $8.000 ; $7.200 ; $6.120 ; $4.896 ; $3.672 ; $2.570 ; $1.671 
35425;variation;;ESSENTIAL BRUSH COLLECTION - CBR61;1;visible;;; $8.000 ; $7.200 ; $6.120 ; $4.896 ; $3.672 ; $2.570 ; $1.671 
35426;variation;;ESSENTIAL BRUSH COLLECTION - CBR62;1;visible;;; $8.000 ; $7.200 ; $6.120 ; $4.896 ; $3.672 ; $2.570 ; $1.671 
51182;simple;;COMBO CONCHA;'-1;visible;;;60000;;;;;;
51189;simple;;COMBO DEPILADOR CRYSTAL;'-1;visible;;;25000;;;;;;
51193;simple;;COMBO SUMMER;'-1;visible;;;50000;;;;;;
52250;simple;;Smoke ?n Mirrors;'-1;visible;247;;50000;;;;;;
35427;variation;;ESSENTIAL BRUSH COLLECTION - CBR63;1;visible;;; $8.000 ; $7.200 ; $6.120 ; $4.896 ; $3.672 ; $2.570 ; $1.671 
52299;variation;;ARO LED SELFIE - AZUL;0;visible;;;15000;;;;;;
35428;variation;;ESSENTIAL BRUSH COLLECTION - CBR64;1;visible;;; $8.000 ; $7.200 ; $6.120 ; $4.896 ; $3.672 ; $2.570 ; $1.671 
52303;variation;;ARO LED SELFIE - ROSA;0;visible;;;15000;;;;;;
35429;variation;;ESSENTIAL BRUSH COLLECTION - CBR65;1;visible;;; $8.000 ; $7.200 ; $6.120 ; $4.896 ; $3.672 ; $2.570 ; $1.671 
62219;simple;;COMBO FACIAL GLITTER;'-1;visible;;;60000;;;;;;
62221;simple;;COMBO ARCOIRIS;'-1;visible;24;;60000;;;;;;
62223;simple;;COMBO ESPECIAL;'-1;visible;;;80000;;;;;;
62225;simple;;COMBO PLATA;'-1;visible;;;50000;;;;;;
62227;simple;;COMBO ROSE;'-1;visible;;;50000;;;;;;
62232;simple;;COMBO SKIN;'-1;visible;;;20000;;;;;;
35430;variation;;ESSENTIAL BRUSH COLLECTION - CBR66;1;visible;;; $8.000 ; $7.200 ; $6.120 ; $4.896 ; $3.672 ; $2.570 ; $1.671 
39317;simple;;EXTRACTOR DE PUNTOS NEGROS DIGITAL;1;visible;192;; $60.000 ; $54.000 ; $45.900 ; $36.720 ; $27.540 ; $19.278 ; $12.531 
63346;simple;;BRUSH CRUSH;'-1;visible;;;20000;;;;;;
63659;variable;;COSMETIQUERA TORNASOL;'-1;visible;;;;;;;;;
63838;simple;;EXTRACTOR FACIAL CON SPRAY DE MICRONIZACIÓN;1;visible;40;; $70.000 ; $63.000 ; $53.550 ; $42.840 ; $32.130 ; $22.491 ; $14.619 
35503;simple;;FIJADOR CONTROL MATTE;1;visible;;; $20.000 ; $18.000 ; $15.300 ; $12.240 ; $9.180 ; $6.426 ; $4.177 
63688;simple;;ROSA TORNASOL;'-1;visible;;;45000;;;;;;
96117;simple;;FIJADOR ILLUMINATING SETTING SPRAY;1;visible;;; $25.000 ; $22.500 ; $19.125 ; $15.300 ; $11.475 ; $8.033 ; $5.221 
69718;simple;;FLAWLESS BROWS - DEPILADOR DE CEJAS PILA;1;visible;10;; $25.000 ; $22.500 ; $19.125 ; $15.300 ; $11.475 ; $8.033 ; $5.221 
104336;simple;;FLAWLESS BROWS - DEPILADOR DE CEJAS RECARGABLE;1;visible;100;; $40.000 ; $36.000 ; $30.600 ; $24.480 ; $18.360 ; $12.852 ; $8.354 
68628;simple;;FLAWLESS LEGS - DEPILADOR DE PIERNA;1;visible;192;; $50.000 ; $45.000 ; $38.250 ; $30.600 ; $22.950 ; $16.065 ; $10.442 
96098;simple;;FLORAL BLOOM CONTORNO & ILUMUNADOR;1;visible;;; $40.000 ; $36.000 ; $30.600 ; $24.480 ; $18.360 ; $12.852 ; $8.354 
96096;simple;;FLORAL BLOOM RUBOR;1;visible;;; $40.000 ; $36.000 ; $30.600 ; $24.480 ; $18.360 ; $12.852 ; $8.354 
65439;simple;;GEL EXFOLIANTE;1;visible;;; $25.000 ; $22.500 ; $19.125 ; $15.300 ; $11.475 ; $8.033 ; $5.221 
103908;simple;;HAIR CLIPS;1;visible;9;; $6.000 ; $5.400 ; $4.590 ; $3.672 ; $2.754 ; $1.928 ; $1.253 
63913;simple;;COMBO BEAUTY;'-1;visible;;;60000;;;;;;
63917;simple;;COMBO CLEANING ROSAS;'-1;visible;;;90000;;;;;;
63919;simple;;COMBO CONTROL OIL;'-1;visible;;;90000;;;;;;
63923;simple;;COMBO FACIAL ROSE;'-1;visible;;;30000;;;;;;
63928;simple;;COMBO LASH;'-1;visible;;;20000;;;;;;
63936;simple;;COMBO TORNASOL;'-1;visible;;;30000;;;;;;
101433;variable;;HUMIFICADOR FACIAL- CARGADOR PORTATIL;1;visible;;;; $- ; $- ; $- ; $- ; $- ; $- 
101436;variation;;HUMIFICADOR FACIAL- CARGADOR PORTATIL - BLANCO;1;visible;124;; $30.000 ; $27.000 ; $22.950 ; $18.360 ; $13.770 ; $9.639 ; $6.265 
101437;variation;;HUMIFICADOR FACIAL- CARGADOR PORTATIL - ROSA;1;visible;120;; $30.000 ; $27.000 ; $22.950 ; $18.360 ; $13.770 ; $9.639 ; $6.265 
65989;simple;;HYDROGEL;1;visible;;; $25.000 ; $22.500 ; $19.125 ; $15.300 ; $11.475 ; $8.033 ; $5.221 
96121;simple;;ILUMINADOR BAKED POPS;1;visible;;; $35.000 ; $31.500 ; $26.775 ; $21.420 ; $16.065 ; $11.246 ; $7.310 
37324;variable;;Iluminador Bronceador Shimmer Powder;1;visible;;;; $- ; $- ; $- ; $- ; $- ; $- 
37329;variation;;Iluminador Bronceador Shimmer Powder - BRONCER;1;visible;77;; $15.000 ; $13.500 ; $11.475 ; $9.180 ; $6.885 ; $4.820 ; $3.133 
64715;simple;;PLANCHA REMINGTON PRO-ION ANTIFRIZZ;'-1;visible;;;135000;;;;;;
37330;variation;;Iluminador Bronceador Shimmer Powder - DORADO;1;visible;27;; $15.000 ; $13.500 ; $11.475 ; $9.180 ; $6.885 ; $4.820 ; $3.133 
37331;variation;;Iluminador Bronceador Shimmer Powder - ORO ROSA;1;visible;31;; $15.000 ; $13.500 ; $11.475 ; $9.180 ; $6.885 ; $4.820 ; $3.133 
124687;simple;;ILUMINADORES ISLAND PARADISE;1;visible;;; $60.000 ; $54.000 ; $45.900 ; $36.720 ; $27.540 ; $19.278 ; $12.531 
63831;simple;;JABON FACIAL PIEL GRASA;1;visible;;; $25.000 ; $22.500 ; $19.125 ; $15.300 ; $11.475 ; $8.033 ; $5.221 
65608;simple;;COMBO PILI ROSA;'-1;visible;;;70000;;;;;;
65610;simple;;COMBO PILI HAMAMELIS;'-1;visible;;;70000;;;;;;
65614;simple;;COMBO SAUNA;'-1;visible;;;110000;;;;;;
65616;simple;;COMBO CHIC;'-1;visible;;;50000;;;;;;
65619;simple;;COMBO LUNA BELLA;'-1;visible;;;80000;;;;;;
65621;simple;;COMBO BRONCE;'-1;visible;;;50000;;;;;;
63833;simple;;JABON FACIAL PIEL MIXTA O NORMAL;1;visible;;; $25.000 ; $22.500 ; $19.125 ; $15.300 ; $11.475 ; $8.033 ; $5.221 
65375;simple;;KIT VIAJERO ROSA;1;visible;;; $12.000 ; $10.800 ; $9.180 ; $7.344 ; $5.508 ; $3.856 ; $2.506 
35264;variable;;LABIAL SOFT MATTE;1;visible;;;; $- ; $- ; $- ; $- ; $- ; $- 
36111;variation;;LABIAL SOFT MATTE - CANNES - MATTE MUTED MAUVE;1;visible;;; $20.000 ; $18.000 ; $15.300 ; $12.240 ; $9.180 ; $6.426 ; $4.177 
36112;variation;;LABIAL SOFT MATTE - COPENHAGEN - MATTE RICH PLUM;1;visible;;; $20.000 ; $18.000 ; $15.300 ; $12.240 ; $9.180 ; $6.426 ; $4.177 
67924;simple;;COMBO MIRROR;'-1;visible;;;50000;;;;;;
36113;variation;;LABIAL SOFT MATTE - PRAGUE - MATTE MERLOT;1;visible;;; $20.000 ; $18.000 ; $15.300 ; $12.240 ; $9.180 ; $6.426 ; $4.177 
36114;variation;;LABIAL SOFT MATTE - ROME - MEDIUM NUDE WITH RED UNDERTONE;1;visible;;; $20.000 ; $18.000 ; $15.300 ; $12.240 ; $9.180 ; $6.426 ; $4.177 
71416;simple;;COMBO FLAW;'-1;visible;;;100000;;;;;;
71426;simple;;COMBO DEPILADOR;'-1;visible;;;40000;;;;;;
72391;simple;;LAMPARA PARA UÑAS 36W;1;visible;10;; $40.000 ; $36.000 ; $30.600 ; $24.480 ; $18.360 ; $12.852 ; $8.354 
100744;simple;;LAMPARA PARA UÑAS 48W;1;visible;100;; $80.000 ; $72.000 ; $61.200 ; $48.960 ; $36.720 ; $25.704 ; $16.708 
75509;simple;;COMBO PROLUNA;'-1;visible;;;80000;;;;;;
75517;simple;;COMBO SIRENA GLITTER;'-1;visible;;;50000;;;;;;
75519;simple;;COMBO 5 EN 1 PILI;'-1;visible;;;40000;;;;;;
75521;simple;;COMBO MARMOL;'-1;visible;;;50000;;;;;;
75523;simple;;COMBO HIELO BELLA;'-1;visible;;;50000;;;;;;
75526;simple;;COMBO ALOE SAUNA;'-1;visible;;;110000;;;;;;
78324;simple;;COMBO LUNAR;'-1;visible;;;90000;;;;;;
78332;simple;;COMBO CONCHA GOLD;'-1;visible;;;50000;;;;;;
78339;simple;;COMBO FLORAL REMINGTON;'-1;visible;;;80000;;;;;;
78342;simple;;COMBO SIRENA PLUS;'-1;visible;;;50000;;;;;;
101594;simple;;LAMPARA PARA UÑAS 54W;1;visible;200;; $100.000 ; $90.000 ; $76.500 ; $61.200 ; $45.900 ; $32.130 ; $20.885 
104287;simple;;LAVA BROCHAS EN SECO;1;visible;1;; $15.000 ; $13.500 ; $11.475 ; $9.180 ; $6.885 ; $4.820 ; $3.133 
119102;simple;;LAVA BROCHAS EN SECO HOLY;1;visible;132;; $10.000 ; $9.000 ; $7.650 ; $6.120 ; $4.590 ; $3.213 ; $2.088 
46037;simple;;LETRERO LED A4 GRANDE;1;visible;100;; $50.000 ; $45.000 ; $38.250 ; $30.600 ; $22.950 ; $16.065 ; $10.442 
46032;simple;;LETRERO LED A5 MEDIANO;1;visible;60;; $40.000 ; $36.000 ; $30.600 ; $24.480 ; $18.360 ; $12.852 ; $8.354 
89308;variable;;Luna Mini 2;1;visible;;;; $- ; $- ; $- ; $- ; $- ; $- 
89311;variation;;Luna Mini 2 - AZUL;1;visible;10;; $60.000 ; $54.000 ; $45.900 ; $36.720 ; $27.540 ; $19.278 ; $12.531 
89310;variation;;Luna Mini 2 - FUCSIA;1;visible;10;; $60.000 ; $54.000 ; $45.900 ; $36.720 ; $27.540 ; $19.278 ; $12.531 
79003;simple;;TAKE ME HOME-OKALAN;'-1;visible;31;;45000;;;;;;
80857;simple;;COMBO TAKE ME HOME;'-1;visible;;;70000;;;;;;
80860;simple;;COMBO SKIN PRO;'-1;visible;;;100000;;;;;;
80862;simple;;COMBO MERFANTASIA REAL;'-1;visible;;;80000;;;;;;
80865;simple;;COMBO FANTASTIQUE;'-1;visible;;;100000;;;;;;
89309;variation;;Luna Mini 2 - ROSADO;1;visible;120;; $60.000 ; $54.000 ; $45.900 ; $36.720 ; $27.540 ; $19.278 ; $12.531 
85407;simple;;BROCHAS BH Smoke `n Mirrors;'-1;visible;;;40000;;;;;;
37445;variable;;MAGIC BRA;1;visible;;;; $- ; $- ; $- ; $- ; $- ; $- 
37464;variation;;MAGIC BRA - BEIGE, B;1;visible;;; $16.000 ; $14.400 ; $12.240 ; $9.792 ; $7.344 ; $5.141 ; $3.342 
37465;variation;;MAGIC BRA - BEIGE, C;1;visible;;; $16.000 ; $14.400 ; $12.240 ; $9.792 ; $7.344 ; $5.141 ; $3.342 
37466;variation;;MAGIC BRA - BEIGE, D;1;visible;;; $16.000 ; $14.400 ; $12.240 ; $9.792 ; $7.344 ; $5.141 ; $3.342 
37468;variation;;MAGIC BRA - NEGRO, B;1;visible;;; $16.000 ; $14.400 ; $12.240 ; $9.792 ; $7.344 ; $5.141 ; $3.342 
37469;variation;;MAGIC BRA - NEGRO, C;1;visible;;; $16.000 ; $14.400 ; $12.240 ; $9.792 ; $7.344 ; $5.141 ; $3.342 
90291;simple;;COMBO DUAL CHIC;'-1;visible;;;60000;;;;;;
90293;simple;;COMBO EXRACTODEPILADOR;'-1;visible;;;70000;;;;;;
90298;simple;;COMBO HYDRODEPILADOR;'-1;visible;;;100000;;;;;;
90301;simple;;COMBO LUNA ROSE;'-1;visible;;;70000;;;;;;
91613;simple;;SET REAL;'-1;visible;2;;20000;;;;;;
91618;simple;;COMBO BEAUTY CARE;'-1;visible;;;50000;;;;;;
91624;simple;;COMBO ALMEJA;'-1;visible;;;70000;;;;;;
91626;simple;;COMBO FACIAL LUNAR;'-1;visible;;;80000;;;;;;
91629;simple;;COMBO EXTRACTOLUNAR;'-1;visible;;;120000;;;;;;
91631;simple;;COMBO SIRENITA;'-1;visible;;;50000;;;;;;
91634;simple;;COMBO MIX;'-1;visible;;;50000;;;;;;
93485;variation;;Luna Mini 2 - NEGRO;0;visible;;;60000;;;;;;
93486;variation;;Luna Mini 2 - AMARILLO;0;visible;;;60000;;;;;;
94744;simple;;COMBO DEPILADOR BLACK;'-1;visible;;;30000;;;;;;
94746;simple;;COMBO DEPILADOR TOP;'-1;visible;;;110000;;;;;;
94748;simple;;COMBO LUNA GOLD;'-1;visible;;;120000;;;;;;
94751;simple;;COMBO RETURN HD;'-1;visible;;;90000;;;;;;
37470;variation;;MAGIC BRA - NEGRO, D;1;visible;;; $16.000 ; $14.400 ; $12.240 ; $9.792 ; $7.344 ; $5.141 ; $3.342 
35123;simple;;MAQUINA LAVA BROCHAS;1;visible;100;; $45.000 ; $40.500 ; $34.425 ; $27.540 ; $20.655 ; $14.459 ; $9.398 
100729;simple;;MASAJEADOR BEAUTY BAR;1;visible;200;; $30.000 ; $27.000 ; $22.950 ; $18.360 ; $13.770 ; $9.639 ; $6.265 
104228;simple;;MASAJEADOR DEPILADOR 3 EN 1;1;visible;;; $70.000 ; $63.000 ; $53.550 ; $42.840 ; $32.130 ; $22.491 ; $14.619 
36123;simple;;MASAJEADOR FACIAL 4 EN 1;1;visible;237;; $17.000 ; $15.300 ; $13.005 ; $10.404 ; $7.803 ; $5.462 ; $3.550 
88424;simple;;MASAJEADOR FACIAL 5 EN 1;1;visible;584;; $15.000 ; $13.500 ; $11.475 ; $9.180 ; $6.885 ; $4.820 ; $3.133 
35145;simple;;MASCARILLA COLAGENO LABIOS;1;visible;1200; $2.400 ; $3.000 ; $2.700 ; $2.295 ; $1.836 ; $1.377 ; $964 ; $627 
35784;simple;;Mascarilla Colageno Para Ojos;1;visible;500; $2.400 ; $3.000 ; $2.700 ; $2.295 ; $1.836 ; $1.377 ; $964 ; $627 
891;simple;;MASCARILLA CONTROL GRASA BEAUTY HOST;1;visible;500; $3.200 ; $4.000 ; $3.600 ; $3.060 ; $2.448 ; $1.836 ; $1.285 ; $835 
892;simple;;MASCARILLA DE ALOE BEAUTY HOST;1;visible;500; $3.200 ; $4.000 ; $3.600 ; $3.060 ; $2.448 ; $1.836 ; $1.285 ; $835 
890;simple;;MASCARILLA DE CARACOL BEAUTY HOST;1;visible;500; $3.200 ; $4.000 ; $3.600 ; $3.060 ; $2.448 ; $1.836 ; $1.285 ; $835 
95703;simple;;MASCARILLA DE COLAGENO PARA EL ROSTRO;1;visible;200; $5.600 ; $7.000 ; $6.300 ; $5.355 ; $4.284 ; $3.213 ; $2.249 ; $1.462 
49968;variable;;MASCARILLA DE GLITTER DEAR SHE;1;visible;;;; $- ; $- ; $- ; $- ; $- ; $- 
96102;simple;;Bikini Bottom - 18 Eyeshadow Palette (copia);'-1;visible;;;;;;;;;
96105;simple;;LATTE ESPRESSO YOURSELF (copia);'-1;visible;;;;;;;;;
96106;simple;;ESPRESSO YOURSELF PALETTE (copia);'-1;visible;;;;;;;;;
50910;variation;;MASCARILLA DE GLITTER DEAR SHE - DORADO;1;visible;50; $2.400 ; $3.000 ; $2.700 ; $2.295 ; $1.836 ; $1.377 ; $964 ; $627 
50911;variation;;MASCARILLA DE GLITTER DEAR SHE - PLATEADO;1;visible;50; $2.400 ; $3.000 ; $2.700 ; $2.295 ; $1.836 ; $1.377 ; $964 ; $627 
50912;variation;;MASCARILLA DE GLITTER DEAR SHE - ROSA;1;visible;50; $2.400 ; $3.000 ; $2.700 ; $2.295 ; $1.836 ; $1.377 ; $964 ; $627 
889;simple;;MASCARILLA DE ORO BEAUTY HOST;1;visible;500; $3.200 ; $4.000 ; $3.600 ; $3.060 ; $2.448 ; $1.836 ; $1.285 ; $835 
96248;simple;;MASCARILLA DIAMOND BLACK PEEL-OFF DEAR SHE;1;visible;500; $2.800 ; $3.500 ; $3.150 ; $2.678 ; $2.142 ; $1.607 ; $1.125 ; $731 
96112;simple;;SOMBRA SPLASH OF GLITTERS 2;'-1;visible;45; $4.284 ;80000;;;;;;
96263;simple;;MASCARILLA DIAMOND GALAXY GOLD PEEL-OFF;1;visible;500; $2.800 ; $3.500 ; $3.150 ; $2.678 ; $2.142 ; $1.607 ; $1.125 ; $731 
95723;simple;;MASCARILLA ORO DEAR SHE;1;visible;200; $2.400 ; $3.000 ; $2.700 ; $2.295 ; $1.836 ; $1.377 ; $964 ; $627 
35155;simple;;MASCARILLA PUNTOS NEGROS;1;visible;1000; $1.600 ; $2.000 ; $1.800 ; $1.530 ; $1.224 ; $918 ; $643 ; $418 
78794;simple;;MYSTERIOUS II;1;visible;;; $40.000 ; $36.000 ; $30.600 ; $24.480 ; $18.360 ; $12.852 ; $8.354 
96119;simple;;CONTORNOS 4-COLOR HIGHLIGH (copia);'-1;visible;; $2.448 ;20000;;;;;;
96120;simple;;PRO ROSE GOLD (copia);'-1;visible;; $2.142 ;65000;;;;;;
35177;simple;;OLLA PARA CERA;1;visible;;; $40.000 ; $36.000 ; $30.600 ; $24.480 ; $18.360 ; $12.852 ; $8.354 
47880;simple;;PAPEL DE ARROZ BESTY;1;visible;100;; $8.000 ; $7.200 ; $6.120 ; $4.896 ; $3.672 ; $2.570 ; $1.671 
96107;simple;;PERLAS DEPILATORIAS 400GR;1;visible;;; $25.000 ; $22.500 ; $19.125 ; $15.300 ; $11.475 ; $8.033 ; $5.221 
63866;simple;;PERLAS DEPILATORIAS POR 500GR;1;visible;;; $30.000 ; $27.000 ; $22.950 ; $18.360 ; $13.770 ; $9.639 ; $6.265 
63721;simple;;PESTAÑAS 3D;1;visible;50;; $12.000 ; $10.800 ; $9.180 ; $7.344 ; $5.508 ; $3.856 ; $2.506 
97051;variation;;LABIAL SOFT MATTE - BUDAPEST - DEEP MAUVE WITH RED UNDERTONE;0;visible;; $2.142 ;;;;;;;
97057;variation;;LABIAL SOFT MATTE - STOCKHOLM - MID-TONE BEIGE PINK;0;visible;; $2.142 ;;;;;;;
97058;variation;;LABIAL SOFT MATTE - LONDON - MID-TONE BEIGE;0;visible;; $1.836 ;;;;;;;
98159;simple;;MASAJEADOR FACIAL 5 EN 1;'-1;visible;300; $1.224 ;15000;;;;;;
36262;simple;;PESTAÑINA THE COLOSSAL VOLUM'EXPRESS;1;visible;;; $25.000 ; $22.500 ; $19.125 ; $15.300 ; $11.475 ; $8.033 ; $5.221 
121786;simple;;PINEAPPLE FACE BUBBLE PEELING GEL;1;visible;;; $50.000 ; $45.000 ; $38.250 ; $30.600 ; $22.950 ; $16.065 ; $10.442 
119343;simple;;"PLANCHA BABYLISS BRAZILIAN TECH 1""";1;visible;;; $250.000 ; $225.000 ; $191.250 ; $153.000 ; $114.750 ; $80.325 ; $52.211 
119347;simple;;"PLANCHA BABYLISS BRAZILIAN TECH 1\2"" ANCHO";1;visible;;; $260.000 ; $234.000 ; $198.900 ; $159.120 ; $119.340 ; $83.538 ; $54.300 
100719;simple;;PULPO FACIAL (no);'-1;visible;619;;7000;;;;;;
119467;simple;;PLANCHA BABYLISS PORCELAIN CERAMIC;1;visible;;; $250.000 ; $225.000 ; $191.250 ; $153.000 ; $114.750 ; $80.325 ; $52.211 
119476;simple;;PLANCHA BABYLISS PORCELAIN CERAMIC ANCHA;1;visible;;; $260.000 ; $234.000 ; $198.900 ; $159.120 ; $119.340 ; $83.538 ; $54.300 
119426;simple;;PLANCHA BABYLISS SOL GEL CLASICA;1;visible;;; $250.000 ; $225.000 ; $191.250 ; $153.000 ; $114.750 ; $80.325 ; $52.211 
119483;simple;;PLANCHA BABYLISS TOURMALINE 25MM;1;visible;;; $250.000 ; $225.000 ; $191.250 ; $153.000 ; $114.750 ; $80.325 ; $52.211 
119493;simple;;PLANCHA BABYLISS TOURMALINE 38MM;1;visible;;; $260.000 ; $234.000 ; $198.900 ; $159.120 ; $119.340 ; $83.538 ; $54.300 
119443;simple;;PLANCHA BABYLISS-SOL GEL ANCHA;1;visible;;; $260.000 ; $234.000 ; $198.900 ; $159.120 ; $119.340 ; $83.538 ; $54.300 
125817;simple;;PLANCHA REMIGTON COLOR PROTECTION;1;visible;;; $140.000 ; $126.000 ; $107.100 ; $85.680 ; $64.260 ; $44.982 ; $29.238 
64700;simple;;PLANCHA REMINGTON ACEITE DE ARGAN;1;visible;;; $140.000 ; $126.000 ; $107.100 ; $85.680 ; $64.260 ; $44.982 ; $29.238 
64684;simple;;PLANCHA REMINGTON AGUACATE CON MACADAMIA;1;visible;;; $160.000 ; $144.000 ; $122.400 ; $97.920 ; $73.440 ; $51.408 ; $33.415 
96075;simple;;PLANCHA REMINGTON FRIZZ THERAPY;1;visible;;; $150.000 ; $135.000 ; $114.750 ; $91.800 ; $68.850 ; $48.195 ; $31.327 
101275;simple;;SIGNATURE ROSE GOLD BLACK BH COSMETICS;'-1;visible;;;;;;;;;
64737;simple;;PLANCHA REMINGTON KERATINA Y ARGAN;1;visible;;; $170.000 ; $153.000 ; $130.050 ; $104.040 ; $78.030 ; $54.621 ; $35.504 
101373;simple;;plato verde de base;'-1;visible;;;;;;;;;
101374;simple;;SET;'-1;visible;;;;;;;;;
96048;simple;;PLANCHA REMINGTON PRO-SLEEK & CURL;1;visible;;; $230.000 ; $207.000 ; $175.950 ; $140.760 ; $105.570 ; $73.899 ; $48.034 
64705;simple;;PLANCHA REMINGTON SALES DE MAR-ALISA SOBRE MOJADO;1;visible;;; $145.000 ; $130.500 ; $110.925 ; $88.740 ; $66.555 ; $46.589 ; $30.283 
64741;simple;;PLANCHA REMINGTON SAPPHIREPRO-TITANIUM;1;visible;;; $190.000 ; $171.000 ; $145.350 ; $116.280 ; $87.210 ; $61.047 ; $39.681 
125798;simple;;PLANCHA REMINGTON TRIPLE INFUSION;1;visible;;; $170.000 ; $153.000 ; $130.050 ; $104.040 ; $78.030 ; $54.621 ; $35.504 
35292;simple;;Polvo Compacto HD Kleancolor;1;visible;;; $15.000 ; $13.500 ; $11.475 ; $9.180 ; $6.885 ; $4.820 ; $3.133 
36029;simple;;POLVO TRASLUCIDO BANANA;1;visible;;; $25.000 ; $22.500 ; $19.125 ; $15.300 ; $11.475 ; $8.033 ; $5.221 
35189;variation;;POLVOS L'OR?AL;1;visible;;; $25.000 ; $22.500 ; $19.125 ; $15.300 ; $11.475 ; $8.033 ; $5.221 
102228;simple;;BROCHAS DIAMANTE DORADO;'-1;visible;;;48000;;;;;;
102234;simple;;BROCHAS PIEDRA ROSA;'-1;visible;;;30000;;;;;;
35513;variable;;POMADA DE CEJAS;1;visible;;;; $- ; $- ; $- ; $- ; $- ; $- 
35516;variation;;POMADA DE CEJAS - GBP363;1;visible;;; $25.000 ; $22.500 ; $19.125 ; $15.300 ; $11.475 ; $8.033 ; $5.221 
35517;variation;;POMADA DE CEJAS - GBP364;1;visible;;; $25.000 ; $22.500 ; $19.125 ; $15.300 ; $11.475 ; $8.033 ; $5.221 
35518;variation;;POMADA DE CEJAS - GBP365;1;visible;;; $25.000 ; $22.500 ; $19.125 ; $15.300 ; $11.475 ; $8.033 ; $5.221 
65995;simple;;POMADA PARA CEJAS Y PESTAÑAS CILKA;1;visible;;; $25.000 ; $22.500 ; $19.125 ; $15.300 ; $11.475 ; $8.033 ; $5.221 
35471;simple;;PORELESS FACE PRIMER BEAUTY CREATIONS;1;visible;;; $25.000 ; $22.500 ; $19.125 ; $15.300 ; $11.475 ; $8.033 ; $5.221 
124951;simple;;PULPO FACIAL;1;visible;121;; $7.000 ; $6.300 ; $5.355 ; $4.284 ; $3.213 ; $2.249 ; $1.462 
100790;variable;;SAUNA FACIAL;1;visible;;;; $- ; $- ; $- ; $- ; $- ; $- 
100793;variation;;SAUNA FACIAL - AZUL;1;visible;50;; $50.000 ; $45.000 ; $38.250 ; $30.600 ; $22.950 ; $16.065 ; $10.442 
100794;variation;;SAUNA FACIAL - ROSA;1;visible;50;; $50.000 ; $45.000 ; $38.250 ; $30.600 ; $22.950 ; $16.065 ; $10.442 
100795;variation;;SAUNA FACIAL - VERDE;1;visible;50;; $50.000 ; $45.000 ; $38.250 ; $30.600 ; $22.950 ; $16.065 ; $10.442 
96099;variable;;SAUNA FACIAL PROFESIONAL;1;visible;;;; $- ; $- ; $- ; $- ; $- ; $- 
100765;variation;;SAUNA FACIAL PROFESIONAL - ROSA;1;visible;100;; $70.000 ; $63.000 ; $53.550 ; $42.840 ; $32.130 ; $22.491 ; $14.619 
100766;variation;;SAUNA FACIAL PROFESIONAL - VERDE MENTA;1;visible;100;; $70.000 ; $63.000 ; $53.550 ; $42.840 ; $32.130 ; $22.491 ; $14.619 
96005;simple;;SECADOR REMIGTON CERAMIC ALMOND OIL;1;visible;;; $180.000 ; $162.000 ; $137.700 ; $110.160 ; $82.620 ; $57.834 ; $37.592 
96017;simple;;SECADOR REMINGTON KERATIN THERAPHY;1;visible;;; $200.000 ; $180.000 ; $153.000 ; $122.400 ; $91.800 ; $64.260 ; $41.769 
104286;simple;;BROCHAS GALAXY PLATINUIM;'-1;visible;;;45000;;;;;;
96040;simple;;SECADOR REMINGTON POWER VOLUME 2000;1;visible;;; $120.000 ; $108.000 ; $91.800 ; $73.440 ; $55.080 ; $38.556 ; $25.061 
96101;simple;;shadow primer (primer de sombras);1;visible;;; $15.000 ; $13.500 ; $11.475 ; $9.180 ; $6.885 ; $4.820 ; $3.133 
122723;simple;;SOMBRA ANNA;1;visible;10;; $55.000 ; $49.500 ; $42.075 ; $33.660 ; $25.245 ; $17.672 ; $11.486 
39932;simple;;SOMBRA C'est Fantastique;1;visible;;; $70.000 ; $63.000 ; $53.550 ; $42.840 ; $32.130 ; $22.491 ; $14.619 
124592;simple;;SOMBRA C’ESTE LA VIE;1;visible;;; $70.000 ; $63.000 ; $53.550 ; $42.840 ; $32.130 ; $22.491 ; $14.619 
96111;simple;;SOMBRA CALI CHIC PALETTE;1;visible;;; $40.000 ; $36.000 ; $30.600 ; $24.480 ; $18.360 ; $12.852 ; $8.354 
96114;simple;;SOMBRA CALI SET PALETTE;1;visible;;; $40.000 ; $36.000 ; $30.600 ; $24.480 ; $18.360 ; $12.852 ; $8.354 
124707;simple;;SOMBRA CRYPTIC;1;visible;4;; $48.000 ; $43.200 ; $36.720 ; $29.376 ; $22.032 ; $15.422 ; $10.025 
122729;simple;;SOMBRA DISCOVER ME;1;visible;;; $80.000 ; $72.000 ; $61.200 ; $48.960 ; $36.720 ; $25.704 ; $16.708 
35404;simple;;SOMBRA ELSA;1;visible;30;; $55.000 ; $49.500 ; $42.075 ; $33.660 ; $25.245 ; $17.672 ; $11.486 
96094;simple;;SOMBRA ETERNAL FLAME;1;visible;;; $40.000 ; $36.000 ; $30.600 ; $24.480 ; $18.360 ; $12.852 ; $8.354 
119331;simple;;PLANCHA BABYLISS -SNAP DRAGON;'-1;visible;;;240000;;;;;;
121798;simple;;SOMBRA FAIRY TALE;1;visible;;; $45.000 ; $40.500 ; $34.425 ; $27.540 ; $20.655 ; $14.459 ; $9.398 
124665;simple;;SOMBRA GILTTER UNICORN DREAM;1;visible;;; $45.000 ; $40.500 ; $34.425 ; $27.540 ; $20.655 ; $14.459 ; $9.398 
119412;simple;;EXTRACTOR PUNTOS NEGROS;'-1;visible;;;50000;;;;;;
122746;simple;;SOMBRA IRRESISTIBLE;1;visible;29; $28.000 ; $40.000 ; $36.000 ; $30.600 ; $24.480 ; $18.360 ; $12.852 ; $8.354 
96109;simple;;SOMBRA MAKE UP 35 COLOR PALETTE;1;visible;;; $55.000 ; $49.500 ; $42.075 ; $33.660 ; $25.245 ; $17.672 ; $11.486 
78815;simple;;SOMBRA PERFECT BLOOM;1;visible;;; $40.000 ; $36.000 ; $30.600 ; $24.480 ; $18.360 ; $12.852 ; $8.354 
122740;simple;;SOMBRA SWEET PARADISE;1;visible;;; $80.000 ; $72.000 ; $61.200 ; $48.960 ; $36.720 ; $25.704 ; $16.708 
39925;simple;;SOMBRA The Badass RudeGirl - Book 6;1;visible;;; $70.000 ; $63.000 ; $53.550 ; $42.840 ; $32.130 ; $22.491 ; $14.619 
78740;simple;;SOMBRA The Lingerie Collection - Naughty Nights (Brights);1;visible;;; $48.000 ; $43.200 ; $36.720 ; $29.376 ; $22.032 ; $15.422 ; $10.025 
78747;simple;;SOMBRA THE LINGERIE COLLECTION - ROMANTIC NIGHTS (NUDES);1;visible;;; $48.000 ; $43.200 ; $36.720 ; $29.376 ; $22.032 ; $15.422 ; $10.025 
103859;simple;;SOMBRA The Lingerie Collection - Wild Nights (Wearables);1;visible;;; $48.000 ; $43.200 ; $36.720 ; $29.376 ; $22.032 ; $15.422 ; $10.025 
78686;simple;;SOMBRAS MERFANTASIA- Book 8;1;visible;;; $80.000 ; $72.000 ; $61.200 ; $48.960 ; $36.720 ; $25.704 ; $16.708 
39912;simple;;SOMBRAS Return of the Jet Eyeshadows - Book 4;1;visible;;; $70.000 ; $63.000 ; $53.550 ; $42.840 ; $32.130 ; $22.491 ; $14.619 
121880;simple;;SOMBRAS SPLASH OF GLITTERS 2;1;visible;;; $80.000 ; $72.000 ; $61.200 ; $48.960 ; $36.720 ; $25.704 ; $16.708 
88659;simple;;SOMBRAS TAKE ME HOME;1;visible;;; $45.000 ; $40.500 ; $34.425 ; $27.540 ; $20.655 ; $14.459 ; $9.398 
82080;simple;;SOMBRAS TEASE ME;1;visible;;; $40.000 ; $36.000 ; $30.600 ; $24.480 ; $18.360 ; $12.852 ; $8.354 
78706;simple;;SOMBRAS Whatever Forever;1;visible;;; $50.000 ; $45.000 ; $38.250 ; $30.600 ; $22.950 ; $16.065 ; $10.442 
78776;simple;;SOMBRAS WONDERLAND;1;visible;;; $45.000 ; $40.500 ; $34.425 ; $27.540 ; $20.655 ; $14.459 ; $9.398 
101968;simple;;SOPORTE ORGANIZADOR DE BROCHAS;1;visible;;; $12.000 ; $10.800 ; $9.180 ; $7.344 ; $5.508 ; $3.856 ; $2.506 
63342;simple;;SUERO FACIAL;1;visible;;; $20.000 ; $18.000 ; $15.300 ; $12.240 ; $9.180 ; $6.426 ; $4.177 
50745;variable;;TERMO SUMMER;1;visible;;;; $- ; $- ; $- ; $- ; $- ; $- 
50746;variation;;TERMO SUMMER - AZUL;1;visible;10; $10.000 ; $20.000 ; $18.000 ; $15.300 ; $12.240 ; $9.180 ; $6.426 ; $4.177 
50747;variation;;TERMO SUMMER - MORADO;1;visible;10; $10.000 ; $20.000 ; $18.000 ; $15.300 ; $12.240 ; $9.180 ; $6.426 ; $4.177 
50748;variation;;TERMO SUMMER - NEGRO;1;visible;10; $10.000 ; $20.000 ; $18.000 ; $15.300 ; $12.240 ; $9.180 ; $6.426 ; $4.177 
124783;simple;;PEGANTE PARA PESTAÑAS DUO;'-1;visible;0;;25000;;;;;;
50750;variation;;TERMO SUMMER - ROJO;1;visible;10; $10.000 ; $20.000 ; $18.000 ; $15.300 ; $12.240 ; $9.180 ; $6.426 ; $4.177 
50749;variation;;TERMO SUMMER - VERDE;1;visible;10; $10.000 ; $20.000 ; $18.000 ; $15.300 ; $12.240 ; $9.180 ; $6.426 ; $4.177 
78719;simple;;Unicorn Fantasies - Highlight Palette;1;visible;;; $40.000 ; $36.000 ; $30.600 ; $24.480 ; $18.360 ; $12.852 ; $8.354 
122761;simple;;WISHES DO COME TRU GLOW (PRIMER OIL);1;visible;15;; $35.000 ; $31.500 ; $26.775 ; $21.420 ; $16.065 ; $11.246 ; $7.310 