"ID","Nombre","Publicado","Visibilidad en el catálogo","Precio rebajado","Precio normal","Nombre del atributo 1","Valor(es) del atributo 1","Atributo visible 1","Atributo global 1","Nombre del atributo 2","Valor(es) del atributo 2","Atributo visible 2","Atributo global 2","Nombre del atributo 3","Valor(es) del atributo 3","Atributo visible 3","Atributo global 3","Atributo por defecto 2"
"313112","ACEITE DE ALMENDRAS","1","visible","","14000","MARCA","PILI","1","1","EDAD","35-45, 45 en adelante","1","1","","","","",""
"313787","ACEITE PARA UÑAS","1","visible","","5000","MARCA","OPI","1","1","EDAD","25-35, 35-45","1","1","","","","",""
"306847","ÁCIDO HIALURÓNICO - TRATAMIENTO DE MANCHAS Y ARRUGAS","1","visible","","20000","MARCA","DOLCE BELLA","1","1","EDAD","45 en adelante","1","1","","","","",""
"63823","AGUA DE HAMAMELIS PILI","1","visible","9900","11000","MARCA","PILI","","","","","","","","","","",""
"214093","AGUA DE ROSAS PILI","1","visible","9900","11000","MARCA","PILI","","","","","","","","","","",""
"340216","AGUA MICELAR GARNIER EXPRESS ACLARA 400ML","1","visible","","23000","MARCA","GARNIER","1","1","EDAD","45 en adelante","1","1","","","","",""
"346920","AGUA MICELAR GARNIER SKINACTIVE 100ML","1","visible","","10000","MARCA","GARNIER","1","1","EDAD","15-25, 25-35, 35-45, 45 en adelante","1","1","","","","",""
"337633","AGUA MICELAR GARNIER SKINACTIVE 400ML","1","visible","","26000","MARCA","GARNIER","1","1","EDAD","15-25, 25-35, 35-45, 45 en adelante","1","1","","","","",""
"362439","AGUA MICELAR PURE ACTIVE 400ML","1","visible","","23000","MARCA","GARNIER","1","1","EDAD","35-45, 45 en adelante","1","1","","","","",""
"362195","AGUA TERMAL FRAGANCIA COCO","1","visible","28800","32000","MARCA","RUBY ROSE","1","1","","","","","","","","",""
"362198","AGUA TERMAL SIN FRAGANCIA","1","visible","28800","32000","MARCA","RUBY ROSE","1","1","","","","","","","","",""
"366247","ANILLO DE RESINA PARA UÑAS AURORA","1","visible","","","MARCA","HOLY COSMETICS","1","1","COLOR","BLANCO, ROSA","1","1","EDAD","35-45, 45 en adelante","1","1",""
"366251","ANILLO DE RESINA PARA UÑAS AURORA - BLANCO","1","visible","","8000","COLOR","BLANCO","","1","","","","","","","","",""
"366252","ANILLO DE RESINA PARA UÑAS AURORA - ROSA","1","visible","","8000","COLOR","ROSA","","1","","","","","","","","",""
"366237","ANILLO DE RESINA PARA UÑAS VENICE","1","visible","","","MARCA","HOLY COSMETICS","1","1","COLORES","BLANCO, ROSA","1","1","EDAD","35-45, 45 en adelante","1","1",""
"366241","ANILLO DE RESINA PARA UÑAS VENICE - BLANCO","1","visible","","8000","COLORES","BLANCO","","1","","","","","","","","",""
"366242","ANILLO DE RESINA PARA UÑAS VENICE - ROSA","1","visible","","8000","COLORES","ROSA","","1","","","","","","","","",""
"52292","ARO LED SELFIE","1","visible","","","MARCA","GENERICO","1","1","COLOR","AZUL, BLANCO, NEGRO, ROSA","1","1","EDAD","35-45, 45 en adelante","1","1",""
"52299","ARO LED SELFIE - AZUL","1","visible","","5000","COLOR","AZUL","","1","","","","","","","","",""
"52304","ARO LED SELFIE - BLANCO","1","visible","","5000","COLOR","BLANCO","","1","","","","","","","","",""
"52300","ARO LED SELFIE - NEGRO","1","visible","","5000","COLOR","NEGRO","","1","","","","","","","","",""
"52303","ARO LED SELFIE - ROSA","1","visible","","5000","COLOR","ROSA","","1","","","","","","","","",""
"336141","BALACA CONEJO","1","visible","","12000","MARCA","GENERICO","1","1","","","","","","","","",""
"359710","BALACA POMPON","1","visible","","12000","MARCA","GENERICO","1","1","","","","","","","","",""
"310261","BALLENITA FACIAL","1","visible","","4000","MARCA","GENERICO","1","1","","","","","","","","",""
"182738","BÁLSAMO PARA LABIOS COCONUT LIP MASK","1","visible","","15000","MARCA","BEAUTY TREATS","1","1","","","","","","","","",""
"316888","BANDITAS PARA PUNTOS NEGROS","1","visible","","1000","MARCA","DEAR SHE","1","1","","","","","","","","",""
"340736","BASE LIQUIDA NATURAL LOOK BEGE","1","visible","","","MARCA","RUBY ROSE","1","1","TONO","BEGE 2, BEGE 3, BEGE 4, BEGE 5, BEGE 6, BEGE 7","1","1","EDAD","35-45, 45 en adelante","1","1",""
"340739","BASE LIQUIDA NATURAL LOOK BEGE - BEGE 2","1","visible","","17000","TONO","BEGE 2","","1","","","","","","","","",""
"340740","BASE LIQUIDA NATURAL LOOK BEGE - BEGE 3","1","visible","","17000","TONO","BEGE 3","","1","","","","","","","","",""
"340741","BASE LIQUIDA NATURAL LOOK BEGE - BEGE 4","1","visible","","17000","TONO","BEGE 4","","1","","","","","","","","",""
"340742","BASE LIQUIDA NATURAL LOOK BEGE - BEGE 5","1","visible","","17000","TONO","BEGE 5","","1","","","","","","","","",""
"340743","BASE LIQUIDA NATURAL LOOK BEGE - BEGE 6","1","visible","","17000","TONO","BEGE 6","","1","","","","","","","","",""
"363947","BASE LIQUIDA NATURAL LOOK BEGE - BEGE 7","1","visible","","17000","TONO","BEGE 7","","1","","","","","","","","",""
"340769","BASE LIQUIDA NATURAL LOOK NUDE","1","visible","","","MARCA","RUBY ROSE","1","1","TONO","NUDE 1, NUDE 2, NUDE 3, NUDE 4","1","1","EDAD","35-45, 45 en adelante","1","1",""
"340773","BASE LIQUIDA NATURAL LOOK NUDE - NUDE 1","1","visible","","17000","TONO","NUDE 1","","1","","","","","","","","",""
"340774","BASE LIQUIDA NATURAL LOOK NUDE - NUDE 2","1","visible","","17000","TONO","NUDE 2","","1","","","","","","","","",""
"340775","BASE LIQUIDA NATURAL LOOK NUDE - NUDE 3","1","visible","","17000","TONO","NUDE 3","","1","","","","","","","","",""
"340776","BASE LIQUIDA NATURAL LOOK NUDE - NUDE 4","1","visible","","17000","TONO","NUDE 4","","1","","","","","","","","",""
"340749","BASE LIQUIDA SOFT MATTE BEGE","1","visible","","","MARCA","RUBY ROSE","1","1","TONO","BEGE 2, BEGE 3, BEGE 4, BEGE 5, BEGE 6, BEGE 7","1","1","EDAD","35-45, 45 en adelante","1","1",""
"340756","BASE LIQUIDA SOFT MATTE BEGE - BEGE 2","1","visible","","18000","TONO","BEGE 2","","1","","","","","","","","",""
"340758","BASE LIQUIDA SOFT MATTE BEGE - BEGE 3","1","visible","","18000","TONO","BEGE 3","","1","","","","","","","","",""
"340757","BASE LIQUIDA SOFT MATTE BEGE - BEGE 4","1","visible","","18000","TONO","BEGE 4","","1","","","","","","","","",""
"340760","BASE LIQUIDA SOFT MATTE BEGE - BEGE 5","1","visible","","18000","TONO","BEGE 5","","1","","","","","","","","",""
"340761","BASE LIQUIDA SOFT MATTE BEGE - BEGE 6","1","visible","","18000","TONO","BEGE 6","","1","","","","","","","","",""
"340759","BASE LIQUIDA SOFT MATTE BEGE - BEGE 7","1","visible","","18000","TONO","BEGE 7","","1","","","","","","","","",""
"340782","BASE LIQUIDA SOFT MATTE NUDE","1","visible","","","MARCA","RUBY ROSE","1","1","TONO","NUDE 1, NUDE 2, NUDE 3, NUDE 4","1","1","EDAD","35-45, 45 en adelante","1","1",""
"340784","BASE LIQUIDA SOFT MATTE NUDE - NUDE 1","1","visible","","18000","TONO","NUDE 1","","1","","","","","","","","",""
"340785","BASE LIQUIDA SOFT MATTE NUDE - NUDE 2","1","visible","","18000","TONO","NUDE 2","","1","","","","","","","","",""
"340786","BASE LIQUIDA SOFT MATTE NUDE - NUDE 3","1","visible","","18000","TONO","NUDE 3","","1","","","","","","","","",""
"340787","BASE LIQUIDA SOFT MATTE NUDE - NUDE 4","1","visible","","18000","TONO","NUDE 4","","1","","","","","","","","",""
"244616","BASE TRULY MATTE","1","visible","","","MARCA","L.A COLORS","1","1","TONO","MEDIUM BEIGE CLM355, NUDE CLM353, SAND CLM356, SOFT BEIGE CLM354","1","1","EDAD","35-45, 45 en adelante","1","1",""
"350511","BASE TRULY MATTE - MEDIUM BEIGE CLM355","1","visible","","30000","TONO","MEDIUM BEIGE CLM355","","1","","","","","","","","",""
"357305","BLENDER COLORS ( ESPONJA APLICADORA)","1","visible","","8000","MARCA","SAGUI","1","1","","","","","","","","",""
"363920","BLENDER ESPONJA APLICADORA FEELS","1","visible","","10000","MARCA","RUBY ROSE","1","1","","","","","","","","",""
"182746","BRILLO DE LABIOS CRYSTAL LIP GLAZE","1","visible","","10000","MARCA","BEAUTY TREATS","1","1","","","","","","","","",""
"316357","BRILLO LIP OIL GLOSS","1","visible","","7000","MARCA","MAGIC","","","","","","","","","","",""
"248639","BRILLO LIPGLOSS MAGIC YOUR LIFE","1","visible","2000","4000","MARCA","MAGIC","1","1","","","","","","","","",""
"357384","BROCHA INDIVIDUAL ABANICO MINI BLANCA","1","visible","","6000","MARCA","SAGUI","1","1","","","","","","","","",""
"357383","BROCHA INDIVIDUAL ABANICO MINI NEGRA","1","visible","","6000","MARCA","SAGUI","1","1","","","","","","","","",""
"357378","BROCHA INDIVIDUAL DIFUMINADORA BLANCA","1","visible","","6000","MARCA","SAGUI","1","1","","","","","","","","",""
"357377","BROCHA INDIVIDUAL DIFUMINADORA NEGRA","1","visible","","6000","MARCA","SAGUI","1","1","","","","","","","","",""
"357376","BROCHA INDIVIDUAL DIFUMINADORA ROSA","1","visible","","6000","MARCA","SAGUI","1","1","","","","","","","","",""
"357358","BROCHA INDIVIDUAL MEGA PARA POLVO NEGRA","1","visible","","14000","MARCA","SAGUI","1","1","","","","","","","","",""
"357357","BROCHA INDIVIDUAL MEGA PARA POLVO ROSA","1","visible","","14000","MARCA","SAGUI","1","1","","","","","","","","",""
"359640","BROCHA LENGUA DE GATO PARA BASE PLATA","1","visible","","10000","MARCA","SAGUI","1","1","","","","","","","","",""
"337085","BROCHA PARA MASCARILLA HOLY","1","visible","","","MARCA","HOLY COSMETICS","1","1","COLOR","AZUL, FUCSIA, ROSADO","1","1","EDAD","35-45, 45 en adelante","1","1",""
"365409","BROCHA PARA MASCARILLA HOLY - AZUL","1","visible","","6000","COLOR","AZUL","","1","","","","","","","","",""
"365410","BROCHA PARA MASCARILLA HOLY - FUCSIA","1","visible","","6000","COLOR","FUCSIA","","1","","","","","","","","",""
"365411","BROCHA PARA MASCARILLA HOLY - ROSADO","1","visible","","6000","COLOR","ROSADO","","1","","","","","","","","",""
"310235","BROCHAS BASIC MINI AZUL","1","visible","12600","18000","MARCA","GENERICO","1","1","","","","","","","","",""
"310208","BROCHAS BASIC MINI NUDE","1","visible","12600","18000","MARCA","GENERICO","1","1","","","","","","","","",""
"310163","BROCHAS BASIC MINI ROSA","1","visible","12600","18000","MARCA","GENERICO","1","1","","","","","","","","",""
"330316","BROCHAS CALIFORNIA","1","visible","15000","30000","MARCA","GENERICO","1","1","","","","","","","","",""
"346409","BROCHAS CHAMPAGNE ROSE","1","visible","20000","30000","MARCA","GENERICO","1","1","","","","","","","","",""
"216773","BROCHAS CONSTELACIÓN","1","visible","30000","45000","MARCA","GENERICO","1","1","EDAD","15-25, 25-35","1","1","","","","",""
"293107","BROCHAS DELUXE HOLY","1","visible","","65000","MARCA","HOLY COSMETICS","1","1","EDAD","25-35, 35-45, 45 en adelante","1","1","","","","",""
"216805","BROCHAS GLAM","1","visible","40000","60000","MARCA","GENERICO","1","1","EDAD","25-35, 35-45, 45 en adelante","1","1","","","","",""
"350934","BROCHAS GOLD","1","visible","20000","30000","MARCA","GENERICO","1","1","","","","","","","","",""
"342222","BROCHAS MÁRMOL LUXURY HOLY","1","visible","","40000","MARCA","HOLY COSMETICS","1","1","EDAD","35-45, 45 en adelante","1","1","","","","",""
"209508","BROCHAS NEON","1","visible","30000","40000","MARCA","GENERICO","1","1","EDAD","15-25","1","1","","","","",""
"342243","BROCHAS PROFESSIONAL HOLY","1","visible","","85000","MARCA","HOLY COSMETICS","1","1","EDAD","15-25, 25-35, 35-45","1","1","","","","",""
"210195","BROCHAS ROSALY","1","visible","15000","30000","MARCA","GENERICO","1","1","","","","","","","","",""
"223443","BROCHAS ROSE GOLD PARA OJOS HOLY","1","visible","","38000","MARCA","HOLY COSMETICS","1","1","EDAD","35-45, 45 en adelante","1","1","","","","",""
"310606","BROCHAS ROSET","1","visible","","40000","MARCA","GENERICO","1","1","EDAD","45 en adelante","1","1","","","","",""
"346413","BROCHAS SKY","1","visible","21000","30000","MARCA","GENERICO","1","1","","","","","","","","",""
"310238","BROCHAS SNOW","1","visible","","45000","MARCA","GENERICO","1","1","EDAD","35-45, 45 en adelante","1","1","","","","",""
"346422","BROCHAS SUNRISE","1","visible","21000","30000","MARCA","GENERICO","1","1","","","","","","","","",""
"330315","BROCHAS SUNSHINE","1","visible","15000","30000","MARCA","GENERICO","1","1","","","","","","","","",""
"342256","BROCHAS WHITE ROSE HOLY","1","visible","","45000","MARCA","HOLY COSMETICS","1","1","EDAD","35-45, 45 en adelante","1","1","","","","",""
"336629","BROW SOLUTION -SOMBRA LIQUIDA PARA CEJAS","1","visible","","","MARCA","RUBY ROSE","1","1","TONO","DARK, LIGHT, MEDIUM","1","1","EDAD","35-45, 45 en adelante","1","1",""
"336634","BROW SOLUTION -SOMBRA LIQUIDA PARA CEJAS - DARK","1","visible","","10000","TONO","DARK","","1","","","","","","","","",""
"336635","BROW SOLUTION -SOMBRA LIQUIDA PARA CEJAS - LIGHT","1","visible","","10000","TONO","LIGHT","","1","","","","","","","","",""
"336636","BROW SOLUTION -SOMBRA LIQUIDA PARA CEJAS - MEDIUM","1","visible","","10000","TONO","MEDIUM","","1","","","","","","","","",""
"349310","BUILDER GEL - CLEAR 01","1","visible","","30000","TONO","CLEAR 01","","1","","","","","","","","",""
"349311","BUILDER GEL - NUMBER 004","1","visible","","30000","TONO","NUMBER 004","","1","","","","","","","","",""
"212189","CEPILLO FACIAL EN SILICONA","1","visible","","3000","MARCA","GENERICO","1","1","","","","","","","","",""
"50522","CEPILLO PARA CEJAS O PESTAÑAS GLITTER 10PCS","1","visible","","5000","MARCA","GENERICO","1","1","","","","","","","","",""
"343488","CEPILLO SECADOR","1","visible","","60000","MARCA","SIN MARCA","1","1","EDAD","15-25, 25-35","1","1","","","","",""
"101266","CEPILLO SEPARADOR DE PESTAÑAS HOLY","1","visible","","8000","MARCA","HOLY COSMETICS","1","1","","","","","","","","",""
"342774","CONTORNO DE OJOS CON COLAGENO","1","visible","","20000","MARCA","BEAUTY HOST","1","1","","","","","","","","",""
"341555","CORRECTOR DE ALTA COBERTURA","1","visible","","","MARCA","RUBY ROSE","1","1","TONO","BEGE 2, BEGE 3, BEGE 5, NUDE 1, NUDE 2, NUDE 3","1","1","EDAD","15-25, 25-35","1","1",""
"341558","CORRECTOR DE ALTA COBERTURA - BEGE 2","1","visible","","12000","TONO","BEGE 2","","1","","","","","","","","",""
"341559","CORRECTOR DE ALTA COBERTURA - BEGE 3","1","visible","","12000","TONO","BEGE 3","","1","","","","","","","","",""
"341560","CORRECTOR DE ALTA COBERTURA - BEGE 5","1","visible","","12000","TONO","BEGE 5","","1","","","","","","","","",""
"341561","CORRECTOR DE ALTA COBERTURA - NUDE 1","1","visible","","12000","TONO","NUDE 1","","1","","","","","","","","",""
"341562","CORRECTOR DE ALTA COBERTURA - NUDE 2","1","visible","","12000","TONO","NUDE 2","","1","","","","","","","","",""
"341563","CORRECTOR DE ALTA COBERTURA - NUDE 3","1","visible","","12000","TONO","NUDE 3","","1","","","","","","","","",""
"337419","CORRECTOR FEELS","1","visible","","","MARCA","RUBY ROSE","1","1","TONO","AMENDOA 30, CARAMELO 50, CASTANHA 20, CHANTILLY 10, MEL 30, PUDIM 20","1","1","EDAD","15-25, 25-35","1","1",""
"337426","CORRECTOR FEELS - CARAMELO 50","1","visible","","13000","TONO","CARAMELO 50","","1","","","","","","","","",""
"337421","CORRECTOR FEELS - CHANTILLY 10","1","visible","","13000","TONO","CHANTILLY 10","","1","","","","","","","","",""
"337423","CORRECTOR FEELS - MEL 30","1","visible","","13000","TONO","MEL 30","","1","","","","","","","","",""
"337422","CORRECTOR FEELS - PUDIM 20","1","visible","","13000","TONO","PUDIM 20","","1","","","","","","","","",""
"316522","CORRECTOR FLAWLESS COLLECTION","1","visible","","","MARCA","RUBY ROSE","1","1","TONO","BEGE 2, BEGE 3, BEGE 5, NUDE 1, NUDE 2, NUDE 3","1","1","EDAD","15-25, 25-35","1","1",""
"361931","CORRECTOR FLAWLESS COLLECTION - BEGE 2","1","visible","","12000","TONO","BEGE 2","","1","","","","","","","","",""
"361932","CORRECTOR FLAWLESS COLLECTION - BEGE 3","1","visible","","12000","TONO","BEGE 3","","1","","","","","","","","",""
"361933","CORRECTOR FLAWLESS COLLECTION - BEGE 5","1","visible","","12000","TONO","BEGE 5","","1","","","","","","","","",""
"316535","CORRECTOR FLAWLESS COLLECTION - NUDE 1","1","visible","","12000","TONO","NUDE 1","","1","","","","","","","","",""
"316536","CORRECTOR FLAWLESS COLLECTION - NUDE 2","1","visible","","12000","TONO","NUDE 2","","1","","","","","","","","",""
"316537","CORRECTOR FLAWLESS COLLECTION - NUDE 3","1","visible","","12000","TONO","NUDE 3","","1","","","","","","","","",""
"340266","CORRECTOR INSTANT AGE REWIND MAYBELLINE","1","visible","","","MARCA","MAYBELLINE","1","1","TONO","IVORY 1OO, LIGHT 120, MEDIUM 130, NEUTRALIZER 150","1","1","EDAD","15-25, 25-35","1","1",""
"340267","CORRECTOR INSTANT AGE REWIND MAYBELLINE - IVORY 1OO","1","visible","","36000","TONO","IVORY 1OO","","1","","","","","","","","",""
"340268","CORRECTOR INSTANT AGE REWIND MAYBELLINE - LIGHT 120","1","visible","","36000","TONO","LIGHT 120","","1","","","","","","","","",""
"340269","CORRECTOR INSTANT AGE REWIND MAYBELLINE - MEDIUM 130","1","visible","","36000","TONO","MEDIUM 130","","1","","","","","","","","",""
"340270","CORRECTOR INSTANT AGE REWIND MAYBELLINE - NEUTRALIZER 150","1","visible","","36000","TONO","NEUTRALIZER 150","","1","","","","","","","","",""
"353923","CORRECTOR PRO CONCEALER","1","visible","","","MARCA","L.A GIRL","1","1","TONO","GC969, GC970, GC971, GC992","1","1","EDAD","25-35, 35-45, 45 en adelante","1","1",""
"363269","CORRECTOR PRO CONCEALER - GC969","1","visible","","15000","TONO","GC969","","1","","","","","","","","",""
"363270","CORRECTOR PRO CONCEALER - GC970","1","visible","","15000","TONO","GC970","","1","","","","","","","","",""
"363271","CORRECTOR PRO CONCEALER - GC971","1","visible","","15000","TONO","GC971","","1","","","","","","","","",""
"363272","CORRECTOR PRO CONCEALER - GC992","1","visible","","15000","TONO","GC992","","1","","","","","","","","",""
"342271","COSMETIQUERA ROSE HOLY","1","visible","","40000","MARCA","HOLY COSMETICS","1","1","EDAD","25-35, 35-45, 45 en adelante","1","1","","","","",""
"312251","CREMA CONTORNO DE OJOS","1","visible","","20000","MARCA","KHOL","1","1","","","","","","","","",""
"318044","CREMA DESPIGMENTANTE","1","visible","","24000","MARCA","PILI","1","1","","","","","","","","",""
"312266","CREMA FACIAL HIDRATANTE","1","visible","","20000","MARCA","KHOL","1","1","","","","","","","","",""
"307471","DELINEADOR DE GLITTER","1","visible","","8000","MARCA","","","","","","","","","","","",""
"307476","DELINEADOR DE GLITTER","1","visible","","8000","MARCA","TRENDY","","","","","","","","","","",""
"350987","DELINEADOR EN GLITTER SHINE","1","visible","","","MARCA","RUBY ROSE","1","1","COLOR","01, 02, 03, 04, 05, 06","1","1","EDAD","25-35, 35-45, 45 en adelante","1","1",""
"350988","DELINEADOR EN GLITTER SHINE - 01","1","visible","","7000","COLOR","1","","1","","","","","","","","",""
"350989","DELINEADOR EN GLITTER SHINE - 02","1","visible","","7000","COLOR","2","","1","","","","","","","","",""
"350990","DELINEADOR EN GLITTER SHINE - 03","1","visible","","7000","COLOR","3","","1","","","","","","","","",""
"350991","DELINEADOR EN GLITTER SHINE - 04","1","visible","","7000","COLOR","4","","1","","","","","","","","",""
"350992","DELINEADOR EN GLITTER SHINE - 05","1","visible","","7000","COLOR","5","","1","","","","","","","","",""
"350993","DELINEADOR EN GLITTER SHINE - 06","1","visible","","7000","COLOR","6","","1","","","","","","","","",""
"366990","DELINEADOR PLUMON ARTIST COLLECTION","1","visible","","","COLOR","BLANCO, MORADO, VINOTINTO","1","1","MARCA","TRENDY","1","1","EDAD","25-35, 35-45, 45 en adelante","1","1",""
"366994","DELINEADOR PLUMON ARTIST COLLECTION","1","visible","","15000","MARCA","TRENDY","","","","","","","","","","",""
"366995","DELINEADOR PLUMON ARTIST COLLECTION","1","visible","","15000","MARCA","TRENDY","","","","","","","","","","",""
"366996","DELINEADOR PLUMON ARTIST COLLECTION","1","visible","","15000","MARCA","TRENDY","","","","","","","","","","",""
"358854","DEPILADORA 2 EN 1 HOLY","1","visible","","60000","MARCA","HOLY COSMETICS","1","1","","","","","","","","",""
"153782","DEPILADORA 4 EN 1","1","visible","","45000","MARCA","MARSKE","1","1","EDAD","25-35, 35-45, 45 en adelante","1","1","","","","",""
"285611","DEPILADORA WATERPROOF","1","visible","","50000","MARCA","MARSKE","1","1","EDAD","15-25, 25-35","1","1","","","","",""
"187672","DRILL PULIDOR DE UÑAS","1","visible","","60000","MARCA","LINA","1","1","EDAD","15-25, 25-35","1","1","","","","",""
"216738","DRILL PULIDOR DE UÑAS PORTATIL","1","visible","","35000","MARCA","GENERICO","1","1","","","","","","","","",""
"353614","DRILL PULIDOR DE UÑAS PROFESIONAL","1","visible","","180000","MARCA","NAIL MASTER","1","1","EDAD","15-25, 25-35","1","1","","","","",""
"222775","DRILL PULIDOR DE UÑAS RECARGABLE","1","visible","","","MARCA","GENERICO","1","1","COLOR","BLANCO, ROSADO","1","1","EDAD","15-25, 25-35","1","1",""
"371545","DRILL PULIDOR DE UÑAS RECARGABLE - BLANCO","1","visible","","170000","COLOR","BLANCO","","1","","","","","","","","",""
"371546","DRILL PULIDOR DE UÑAS RECARGABLE - ROSADO","1","visible","","170000","COLOR","ROSADO","","1","","","","","","","","",""
"356219","DRILL PULIDOR PRO ROSA","1","visible","","200000","MARCA","NAIL POLISHER","1","1","EDAD","15-25, 25-35","1","1","","","","",""
"350586","ESMALTE SEMIPERMANENTE TONO AMARILLO 15ML","1","visible","","26000","MARCA","RONIKI","1","1","","","","","","","","",""
"350581","ESMALTE SEMIPERMANENTE TONO AMARILLO 7.3ML","1","visible","","16000","MARCA","RONIKI","1","1","","","","","","","","",""
"350596","ESMALTE SEMIPERMANENTE TONO FUCSIA 15ML","1","visible","","26000","MARCA","RONIKI","1","1","","","","","","","","",""
"350522","ESMALTE SEMIPERMANENTE TONO NEGRO 15ML","1","visible","","26000","MARCA","RONIKI","1","1","","","","","","","","",""
"350523","ESMALTE SEMIPERMANENTE TONO NEGRO 7.3ML","1","visible","","16000","MARCA","RONIKI","1","1","","","","","","","","",""
"350479","ESMALTE SEMIPERMANENTE TONOS AZULES 15ML","1","visible","","","MARCA","RONIKI","1","1","COLOR","CANDY COLORS 08, VIVID BLUE 03","1","1","EDAD","15-25, 25-35","1","1",""
"350484","ESMALTE SEMIPERMANENTE TONOS AZULES 15ML - CANDY COLORS 08","1","visible","","26000","COLOR","CANDY COLORS 08","","1","","","","","","","","",""
"350483","ESMALTE SEMIPERMANENTE TONOS AZULES 15ML - VIVID BLUE 03","1","visible","","26000","COLOR","VIVID BLUE 03","","1","","","","","","","","",""
"350434","ESMALTE SEMIPERMANENTE TONOS AZULES 7.3ML","1","visible","","16000","MARCA","RONIKI","","","","","","","","","","",""
"350504","ESMALTE SEMIPERMANENTE TONOS BLANCOS 15ML","1","visible","","","MARCA","RONIKI","1","1","COLOR","KE50, SUMMER SUNSHINE 01","1","1","EDAD","15-25, 25-35","1","1",""
"350506","ESMALTE SEMIPERMANENTE TONOS BLANCOS 15ML - KE50","1","visible","","26000","COLOR","KE50","","1","","","","","","","","",""
"350507","ESMALTE SEMIPERMANENTE TONOS BLANCOS 15ML - SUMMER SUNSHINE 01","1","visible","","26000","COLOR","SUMMER SUNSHINE 01","","1","","","","","","","","",""
"350496","ESMALTE SEMIPERMANENTE TONOS BLANCOS 7.3ML","1","visible","","","MARCA","RONIKI","1","1","COLOR","KE50, SUMMER SUNSHINE 01","1","1","EDAD","15-25, 25-35","1","1",""
"350518","ESMALTE SEMIPERMANENTE TONOS BLANCOS 7.3ML - KE50","1","visible","","16000","COLOR","KE50","","1","","","","","","","","",""
"350519","ESMALTE SEMIPERMANENTE TONOS BLANCOS 7.3ML - SUMMER SUNSHINE 01","1","visible","","16000","COLOR","SUMMER SUNSHINE 01","","1","","","","","","","","",""
"350438","ESMALTE SEMIPERMANENTE TONOS FUCSIA 7.3ML","1","visible","","","MARCA","RONIKI","1","1","COLOR","FLUORESCENCE COLORS01, FLUORESCENCE COLORS04, FLUORESCENCE COLORS06, PINK 10, ROSE RED 05, ROSE RED 08","1","1","EDAD","15-25, 25-35","1","1",""
"350440","ESMALTE SEMIPERMANENTE TONOS FUCSIA 7.3ML - FLUORESCENCE COLORS01","1","visible","","16000","COLOR","FLUORESCENCE COLORS01","","1","","","","","","","","",""
"350439","ESMALTE SEMIPERMANENTE TONOS FUCSIA 7.3ML - FLUORESCENCE COLORS04","1","visible","","16000","COLOR","FLUORESCENCE COLORS04","","1","","","","","","","","",""
"350449","ESMALTE SEMIPERMANENTE TONOS FUCSIA 7.3ML - FLUORESCENCE COLORS06","1","visible","","16000","COLOR","FLUORESCENCE COLORS06","","1","","","","","","","","",""
"350442","ESMALTE SEMIPERMANENTE TONOS FUCSIA 7.3ML - ROSE RED 08","1","visible","","16000","COLOR","ROSE RED 08","","1","","","","","","","","",""
"349271","ESMALTE SEMIPERMANENTE TONOS GLITTER 15ML","1","visible","","","MARCA","RONIKI","1","1","COLOR","CHRISTMAS SERIES 02, CHRISTMAS SERIES 12, DIAMOND DH 01, DIAMOND DH 02, DIAMOND DH 07, DIAMOND DH 09, SF 01","1","1","EDAD","15-25, 25-35","1","1",""
"349281","ESMALTE SEMIPERMANENTE TONOS GLITTER 15ML - CHRISTMAS SERIES 02","1","visible","","28000","COLOR","CHRISTMAS SERIES 02","","1","","","","","","","","",""
"349282","ESMALTE SEMIPERMANENTE TONOS GLITTER 15ML - CHRISTMAS SERIES 12","1","visible","","28000","COLOR","CHRISTMAS SERIES 12","","1","","","","","","","","",""
"349283","ESMALTE SEMIPERMANENTE TONOS GLITTER 15ML - DIAMOND DH 01","1","visible","","28000","COLOR","DIAMOND DH 01","","1","","","","","","","","",""
"349284","ESMALTE SEMIPERMANENTE TONOS GLITTER 15ML - DIAMOND DH 02","1","visible","","28000","COLOR","DIAMOND DH 02","","1","","","","","","","","",""
"349285","ESMALTE SEMIPERMANENTE TONOS GLITTER 15ML - DIAMOND DH 07","1","visible","","28000","COLOR","DIAMOND DH 07","","1","","","","","","","","",""
"349286","ESMALTE SEMIPERMANENTE TONOS GLITTER 15ML - DIAMOND DH 09","1","visible","","28000","COLOR","DIAMOND DH 09","","1","","","","","","","","",""
"349287","ESMALTE SEMIPERMANENTE TONOS GLITTER 15ML - SF 01","1","visible","","28000","COLOR","SF 01","","1","","","","","","","","",""
"350488","ESMALTE SEMIPERMANENTE TONOS MORADOS 15ML","1","visible","","","MARCA","RONIKI","1","1","COLOR","CANDY COLORS15, PURPLE FLOWER 12","1","1","EDAD","15-25, 25-35","1","1",""
"350489","ESMALTE SEMIPERMANENTE TONOS MORADOS 15ML - CANDY COLORS15","1","visible","","26000","COLOR","CANDY COLORS15","","1","","","","","","","","",""
"350490","ESMALTE SEMIPERMANENTE TONOS MORADOS 15ML - PURPLE FLOWER 12","1","visible","","26000","COLOR","PURPLE FLOWER 12","","1","","","","","","","","",""
"350402","ESMALTE SEMIPERMANENTE TONOS NUDE  7.3ML","1","visible","","16000","MARCA","RONIKI","","","","","","","","","","",""
"350403","ESMALTE SEMIPERMANENTE TONOS NUDE  7.3ML","1","visible","","16000","MARCA","RONIKI","","","","","","","","","","",""
"350404","ESMALTE SEMIPERMANENTE TONOS NUDE  7.3ML","1","visible","","16000","MARCA","RONIKI","","","","","","","","","","",""
"350406","ESMALTE SEMIPERMANENTE TONOS NUDE  7.3ML","1","visible","","16000","MARCA","RONIKI","","","","","","","","","","",""
"350407","ESMALTE SEMIPERMANENTE TONOS NUDE  7.3ML","1","visible","","16000","MARCA","RONIKI","","","","","","","","","","",""
"347488","ESMALTE SEMIPERMANENTE TONOS ROJOS 15ML","1","visible","","","MARCA","RONIKI","1","1","COLOR","CLASSIC RED 02, CLASSIC RED 05, PASSIONATE SAMBA KE67","1","1","EDAD","15-25, 25-35","1","1",""
"349278","ESMALTE SEMIPERMANENTE TONOS ROJOS 15ML - CLASSIC RED 02","1","visible","","26000","COLOR","CLASSIC RED 02","","1","","","","","","","","",""
"349279","ESMALTE SEMIPERMANENTE TONOS ROJOS 15ML - CLASSIC RED 05","1","visible","","26000","COLOR","CLASSIC RED 05","","1","","","","","","","","",""
"349280","ESMALTE SEMIPERMANENTE TONOS ROJOS 15ML - PASSIONATE SAMBA KE67","1","visible","","26000","COLOR","PASSIONATE SAMBA KE67","","1","","","","","","","","",""
"347750","ESMALTE SEMIPERMANENTE TONOS ROJOS 7.3ML","1","visible","","","MARCA","RONIKI","1","1","COLOR","PASSIONATE SAMBA KE67, PASSIONATE SAMBA RE37","1","1","EDAD","15-25, 25-35","1","1",""
"350426","ESMALTE SEMIPERMANENTE TONOS ROJOS 7.3ML - PASSIONATE SAMBA KE67","1","visible","","16000","COLOR","PASSIONATE SAMBA KE67","","1","","","","","","","","",""
"350451","ESMALTE SEMIPERMANENTE TONOS ROSAS 15ML","1","visible","","","MARCA","RONIKI","1","1","COLOR","CANDY COLORS 14, KE51, KE73, RE110, RE96","1","1","EDAD","15-25, 25-35","1","1",""
"350456","ESMALTE SEMIPERMANENTE TONOS ROSAS 15ML - CANDY COLORS 14","1","visible","","26000","COLOR","CANDY COLORS 14","","1","","","","","","","","",""
"350457","ESMALTE SEMIPERMANENTE TONOS ROSAS 15ML - KE51","1","visible","","26000","COLOR","KE51","","1","","","","","","","","",""
"350458","ESMALTE SEMIPERMANENTE TONOS ROSAS 15ML - KE73","1","visible","","26000","COLOR","KE73","","1","","","","","","","","",""
"350459","ESMALTE SEMIPERMANENTE TONOS ROSAS 15ML - RE110","1","visible","","26000","COLOR","RE110","","1","","","","","","","","",""
"350455","ESMALTE SEMIPERMANENTE TONOS ROSAS 15ML - RE96","1","visible","","26000","COLOR","RE96","","1","","","","","","","","",""
"350468","ESMALTE SEMIPERMANENTE TONOS VERDES  15ML","1","visible","","","MARCA","RONIKI","1","1","COLOR","FLUORESCENCE 02, FLUORESCENCE 05, FLUORESCENCE 11","1","1","EDAD","15-25, 25-35","1","1",""
"350472","ESMALTE SEMIPERMANENTE TONOS VERDES  15ML - FLUORESCENCE 02","1","visible","","26000","COLOR","FLUORESCENCE 02","","1","","","","","","","","",""
"350471","ESMALTE SEMIPERMANENTE TONOS VERDES  15ML - FLUORESCENCE 05","1","visible","","26000","COLOR","FLUORESCENCE 05","","1","","","","","","","","",""
"350470","ESMALTE SEMIPERMANENTE TONOS VERDES  15ML - FLUORESCENCE 11","1","visible","","26000","COLOR","FLUORESCENCE 11","","1","","","","","","","","",""
"350416","ESMALTE SEMIPERMANENTE TONOS VERDES  7.3ML","1","visible","","","MARCA","RONIKI","1","1","COLOR","FOREST GREEN 04, FOREST GREEN 05, FOREST GREEN 08","1","1","EDAD","15-25, 25-35","1","1",""
"350418","ESMALTE SEMIPERMANENTE TONOS VERDES  7.3ML - FOREST GREEN 04","1","visible","","16000","COLOR","FOREST GREEN 04","","1","","","","","","","","",""
"350419","ESMALTE SEMIPERMANENTE TONOS VERDES  7.3ML - FOREST GREEN 05","1","visible","","16000","COLOR","FOREST GREEN 05","","1","","","","","","","","",""
"350420","ESMALTE SEMIPERMANENTE TONOS VERDES  7.3ML - FOREST GREEN 08","1","visible","","16000","COLOR","FOREST GREEN 08","","1","","","","","","","","",""
"96100","ESPEJO DONA","1","visible","","7000","MARCA","GENERICO","1","1","","","","","","","","",""
"354007","ESPEJO HOLLYWOOD 9 LEDS","1","visible","","","MARCA","GENERICO","1","1","COLOR","BLANCO, NEGRO","1","1","EDAD","15-25, 25-35","1","1",""
"354010","ESPEJO HOLLYWOOD 9 LEDS - BLANCO","1","visible","","110000","COLOR","BLANCO","","1","","","","","","","","",""
"354011","ESPEJO HOLLYWOOD 9 LEDS - NEGRO","1","visible","","110000","COLOR","NEGRO","","1","","","","","","","","",""
"346610","ESPEJO MACARON","1","visible","","6000","MARCA","GENERICO","1","1","","","","","","","","",""
"346568","ESPEJO OHANA","1","visible","","7000","MARCA","GENERICO","1","1","","","","","","","","",""
"346634","ESPEJO TOUCH 4 LEDS","1","visible","","50000","MARCA","","","","","","","","","","","",""
"367719","ESPUMA LIMPIADORA ROMANTIC ROSE","1","visible","","25000","MARCA","KARITÉ","1","1","","","","","","","","",""
"367989","EXFOLIANTE FACIAL DE CARBÓN ACTIVADO","1","visible","","20000","MARCA","DOLCE BELLA","1","1","","","","","","","","",""
"363918","EXFOLIANTE LABIAL SCRUBBY","1","visible","","10000","MARCA","RUBY ROSE","1","1","","","","","","","","",""
"356617","EXFOLIANTE PARA LABIOS CARE LIPS SCRUB FUN","1","visible","","","MARCA","RUBY ROSE","1","1","AROMA","COFFEE BREAK, MINT FEVER, STRAWBERRY LOVE","1","1","EDAD","15-25, 25-35","1","1",""
"356620","EXFOLIANTE PARA LABIOS CARE LIPS SCRUB FUN - COFFEE BREAK","1","visible","","7000","AROMA","COFFEE BREAK","","1","","","","","","","","",""
"356621","EXFOLIANTE PARA LABIOS CARE LIPS SCRUB FUN - MINT FEVER","1","visible","","7000","AROMA","MINT FEVER","","1","","","","","","","","",""
"356622","EXFOLIANTE PARA LABIOS CARE LIPS SCRUB FUN - STRAWBERRY LOVE","1","visible","","7000","AROMA","STRAWBERRY LOVE","","1","","","","","","","","",""
"366230","EXTRACTOR DE POLVO PARA UÑAS","1","visible","","","MARCA","NAIL DUST COLLECTOR","1","1","COLOR","FUCSIA, ROSADO","1","1","EDAD","15-25, 25-35","1","1",""
"366231","EXTRACTOR DE POLVO PARA UÑAS - FUCSIA","1","visible","","90000","COLOR","FUCSIA","","1","","","","","","","","",""
"366232","EXTRACTOR DE POLVO PARA UÑAS - ROSADO","1","visible","","90000","COLOR","ROSADO","","1","","","","","","","","",""
"165528","EXTRACTOR DE PUNTOS NEGROS DIGITAL CON SPRAY DE MICRONIZACIÓN","1","visible","","90000","MARCA","MARSKE","1","1","EDAD","15-25","1","1","","","","",""
"329060","EXTRACTOR DE PUNTOS NEGROS DIGITAL HOLY","1","visible","","50000","MARCA","HOLY COSMETICS","1","1","EDAD","15-25","1","1","","","","",""
"270402","EXTRACTOR DE PUNTOS NEGROS HOLY CON SPRAY DE MICRONIZACIÓN","1","visible","","70000","MARCA","HOLY COSMETICS","1","1","EDAD","15-25","1","1","","","","",""
"119412","EXTRACTOR DE PUNTOS NEGROS SENCILLO","1","visible","","30000","MARCA","GENERICO","1","1","","","","","","","","",""
"272474","FACE PRIMER 24K GOLD","1","visible","","15000","MARCA","USHAS","1","1","","","","","","","","",""
"366953","FIJADOR DE MAQUILLAJE PURE SEDUCTION","1","visible","","25000","MARCA","KISS BEAUTY","1","1","","","","","","","","",""
"366253","FLAKES PAPELILLO PARA DECORAR UÑAS","1","visible","","25000","MARCA","HOLY COSMETICS","1","1","","","","","","","","",""
"365535","FROZEN ROLLER","1","visible","","25000","MARCA","TRENDY","1","1","","","","","","","","",""
"359638","FULL BROW GEL VOLUMINIZADOR - DARK","1","visible","","8000","TONO","DARK","","1","","","","","","","","",""
"359636","FULL BROW GEL VOLUMINIZADOR - LIGHT","1","visible","","8000","TONO","LIGHT","","1","","","","","","","","",""
"230247","GEL ANTIBACTERIAL 275ML","1","visible","","10000","MARCA","CLEANING HANDS","1","1","","","","","","","","",""
"230230","GEL ANTIBACTERIAL 330ML","1","visible","","12000","MARCA","CLEANING HANDS","1","1","","","","","","","","",""
"65439","GEL EXFOLIANTE","1","visible","","21000","MARCA","PILI","1","1","","","","","","","","",""
"365542","GEL FIJADOR DE CEJAS","1","visible","","15000","MARCA","TRENDY","1","1","","","","","","","","",""
"355949","GLITTER PRIMER","1","visible","","20000","MARCA","RUDE COSMETICS","1","1","","","","","","","","",""
"371529","GUA SHA FACIAL DE CUARZO ROSA HOLY","1","visible","","30000","MARCA","HOLY COSMETICS","1","1","EDAD","35-45, 45 en adelante","1","1","","","","",""
"222536","GUANTES HOLY PROTECCIÓN UV-LED","1","visible","","15000","MARCA","HOLY COSMETICS","1","1","","","","","","","","",""
"372805","HOLY CARD - AMOR Y AMISTAD","1","visible","","","HOLY CARD","$100.000, $150.000, $200.000, $250.000, $50.000","1","1","","","","","","","","",""
"372806","HOLY CARD - AMOR Y AMISTAD - $100.000","1","visible","","100000","HOLY CARD","$100,000","","1","","","","","","","","",""
"372807","HOLY CARD - AMOR Y AMISTAD - $150.000","1","visible","","150000","HOLY CARD","$150,000","","1","","","","","","","","",""
"372808","HOLY CARD - AMOR Y AMISTAD - $200.000","1","visible","","200000","HOLY CARD","$200,000","","1","","","","","","","","",""
"372809","HOLY CARD - AMOR Y AMISTAD - $250.000","1","visible","","250000","HOLY CARD","$250,000","","1","","","","","","","","",""
"372810","HOLY CARD - AMOR Y AMISTAD - $50.000","1","visible","","50000","HOLY CARD","$50,000","","1","","","","","","","","",""
"372834","HOLY CARD - CUMPLEAÑOS","1","visible","","","HOLY CARD","$100.000, $150.000, $200.000, $250.000, $50.000","1","1","","","","","","","","",""
"372849","HOLY CARD - CUMPLEAÑOS - $100.000","1","visible","","100000","HOLY CARD","$100,000","","1","","","","","","","","",""
"372850","HOLY CARD - CUMPLEAÑOS - $150.000","1","visible","","150000","HOLY CARD","$150,000","","1","","","","","","","","",""
"372851","HOLY CARD - CUMPLEAÑOS - $200.000","1","visible","","200000","HOLY CARD","$200,000","","1","","","","","","","","",""
"372852","HOLY CARD - CUMPLEAÑOS - $250.000","1","visible","","250000","HOLY CARD","$250,000","","1","","","","","","","","",""
"372853","HOLY CARD - CUMPLEAÑOS - $50.000","1","visible","","50000","HOLY CARD","$50,000","","1","","","","","","","","",""
"293201","HUMIDIFICADOR FACIAL + POWER BANK","1","visible","","","MARCA","GENERICO","1","1","COLOR","BLANCO, MORADO","1","1","EDAD","35-45, 45 en adelante","1","1",""
"293203","HUMIDIFICADOR FACIAL + POWER BANK - BLANCO","1","visible","","15000","COLOR","BLANCO","","1","","","","","","","","",""
"342708","HUMIDIFICADOR FACIAL + POWER BANK - MORADO","1","visible","","15000","COLOR","MORADO","","1","","","","","","","","",""
"65989","HYDROGEL","1","visible","","20000","MARCA","PILI","1","1","","","","","","","","",""
"357390","ILUMINADOR GLAM BEIGE","1","visible","","","MARCA","SEVENCOOL","1","1","TONO","01, 02, 03, 04, 05, 06","1","1","EDAD","35-45, 45 en adelante","1","1",""
"357407","ILUMINADOR GLAM BEIGE - 02","1","visible","","10000","TONO","2","","1","","","","","","","","",""
"357408","ILUMINADOR GLAM BEIGE - 03","1","visible","","10000","TONO","3","","1","","","","","","","","",""
"357410","ILUMINADOR GLAM BEIGE - 05","1","visible","","10000","TONO","5","","1","","","","","","","","",""
"357411","ILUMINADOR GLAM BEIGE - 06","1","visible","","10000","TONO","6","","1","","","","","","","","",""
"313714","ILUMINADOR KHOL","1","visible","","","MARCA","KHOL","1","1","TONO","01, 02, 03","1","1","EDAD","35-45, 45 en adelante","1","1",""
"313719","ILUMINADOR KHOL - 01","1","visible","","32000","TONO","1","","1","","","","","","","","",""
"313720","ILUMINADOR KHOL - 02","1","visible","","32000","TONO","2","","1","","","","","","","","",""
"313721","ILUMINADOR KHOL - 03","1","visible","","32000","TONO","3","","1","","","","","","","","",""
"357389","ILUMINADOR SHIMMER BAKED","1","visible","","","MARCA","SEVENCOOL","1","1","TONO","01, 02, 03, 04, 05, 06","1","1","EDAD","35-45, 45 en adelante","1","1",""
"357392","ILUMINADOR SHIMMER BAKED - 01","1","visible","","10000","TONO","1","","1","","","","","","","","",""
"357393","ILUMINADOR SHIMMER BAKED - 02","1","visible","","10000","TONO","2","","1","","","","","","","","",""
"357394","ILUMINADOR SHIMMER BAKED - 03","1","visible","","10000","TONO","3","","1","","","","","","","","",""
"357395","ILUMINADOR SHIMMER BAKED - 04","1","visible","","10000","TONO","4","","1","","","","","","","","",""
"357396","ILUMINADOR SHIMMER BAKED - 05","1","visible","","10000","TONO","5","","1","","","","","","","","",""
"357397","ILUMINADOR SHIMMER BAKED - 06","1","visible","","10000","TONO","6","","1","","","","","","","","",""
"313103","JABÒN DE CARBÓN ACTIVADO","1","visible","","5000","MARCA","PILI","1","1","","","","","","","","",""
"367993","JABÓN FACIAL DE CARBÓN ACTIVADO","1","visible","","25000","MARCA","DOLCE BELLA","1","1","","","","","","","","",""
"63831","JABON FACIAL PIEL GRASA","1","visible","","20000","MARCA","PILI","1","1","","","","","","","","",""
"63833","JABON FACIAL PIEL MIXTA O NORMAL","1","visible","","20000","MARCA","PILI","1","1","","","","","","","","",""
"366960","JABON FIJADOR PARA CEJAS","1","visible","","10000","MARCA","KISS BEAUTY","1","1","","","","","","","","",""
"370978","JABON FIJADOR PARA CEJAS 3D","1","visible","","10000","MARCA","KISS BEAUTY","1","1","","","","","","","","",""
"366988","KIT LIP ADDICT X6 PCS","1","visible","","25000","MARCA","TRENDY","1","1","","","","","","","","",""
"367262","KIT RAINBOW DELINEADORES MATTE X8 PCS","1","visible","","35000","MARCA","TRENDY","1","1","","","","","","","","",""
"145447","LABIAL SOFT MATTE","1","visible","","","MARCA","NYX","1","1","COLOR","BUDAPEST, COPENHAGEN, PRAGUE, SHANGHAI","1","1","EDAD","35-45, 45 en adelante","1","1",""
"353840","LABIAL SOFT MATTE - BUDAPEST","1","visible","","20000","COLOR","BUDAPEST","","1","","","","","","","","",""
"353842","LABIAL SOFT MATTE - COPENHAGEN","1","visible","","20000","COLOR","COPENHAGEN","","1","","","","","","","","",""
"353847","LABIAL SOFT MATTE - PRAGUE","1","visible","","20000","COLOR","PRAGUE","","1","","","","","","","","",""
"353846","LABIAL SOFT MATTE - SHANGHAI","1","visible","","20000","COLOR","SHANGHAI","","1","","","","","","","","",""
"341616","LABIALES MATTE FEELS G1 - 353","1","visible","","12000","COLOR","353","","1","","","","","","","","",""
"341617","LABIALES MATTE FEELS G1 - 354","1","visible","","12000","COLOR","354","","1","","","","","","","","",""
"341620","LABIALES MATTE FEELS G1 - 356","1","visible","","12000","COLOR","356","","1","","","","","","","","",""
"341619","LABIALES MATTE FEELS G1 - 357","1","visible","","12000","COLOR","357","","1","","","","","","","","",""
"341621","LABIALES MATTE FEELS G1 - 358","1","visible","","12000","COLOR","358","","1","","","","","","","","",""
"341634","LABIALES MATTE FEELS G2 - 359","1","visible","","12000","COLOR","359","","1","","","","","","","","",""
"339063","LABIALES MATTE FEELS G3","1","visible","","12000","MARCA","RUBY ROSE","1","1","COLOR","365, 366, 367, 368, 369, 370","0","1","","","","",""
"270313","LAMPARA DE UÑAS 48W HOLY","1","visible","","110000","MARCA","HOLY COSMETICS","1","1","EDAD","15-25, 25-35","1","1","","","","",""
"270314","LAMPARA DE UÑAS 54W HOLY","1","visible","","140000","MARCA","HOLY COSMETICS","1","1","EDAD","15-25, 25-35","1","1","","","","",""
"313123","LAMPARA PARA UÑAS 120w","1","visible","","180000","MARCA","SUN","1","1","EDAD","15-25, 25-35","1","1","","","","",""
"72391","LAMPARA PARA UÑAS 36W","1","visible","","40000","MARCA","SUN","1","1","EDAD","15-25, 25-35","1","1","","","","",""
"317858","LAMPARA PARA UÑAS 36W ROSA","1","visible","","40000","MARCA","SUN","1","1","EDAD","15-25, 25-35","1","1","","","","",""
"100744","LAMPARA PARA UÑAS 48W","1","visible","","70000","MARCA","SUN","1","1","EDAD","15-25, 25-35","1","1","","","","",""
"317817","LAMPARA PARA UÑAS 48W ROSA","1","visible","","75000","MARCA","SUN","1","1","EDAD","15-25, 25-35","1","1","","","","",""
"101594","LAMPARA PARA UÑAS 54W","1","visible","","90000","MARCA","SUN","1","1","EDAD","15-25, 25-35","1","1","","","","",""
"315420","LAMPARA PARA UÑAS 54W ROSA","1","visible","","95000","MARCA","SUN","1","1","EDAD","15-25, 25-35","1","1","","","","",""
"367000","LÁPIZ CON EFECTO ESPEJO PARA UÑAS","1","visible","","","COLOR","DORADO, PLATEADO","1","1","MARCA","HOLY COSMETICS","1","1","EDAD","15-25, 25-35","1","1",""
"367001","LÁPIZ CON EFECTO ESPEJO PARA UÑAS","1","visible","","15000","MARCA","GENERICO","","","","","","","","","","",""
"367002","LÁPIZ CON EFECTO ESPEJO PARA UÑAS","1","visible","","15000","MARCA","GENERICO","","","","","","","","","","",""
"346302","LÁPIZ DE CARBON","1","visible","","8000","MARCA","RUBY ROSE","1","1","","","","","","","","",""
"354004","LAPÍZ DELINEADOR AZUL PASTEL","1","visible","","15000","MARCA","L.A GIRL","1","1","","","","","","","","",""
"353994","LAPÍZ DELINEADOR NEON","1","visible","","","MARCA","L.A GIRL","1","1","COLOR","AMARILLO - GP737, MAGENTA - GP734, MORADO - GP739, ROSA - GP731","1","1","EDAD","15-25, 25-35","1","1",""
"353996","LAPÍZ DELINEADOR NEON - AMARILLO - GP737","1","visible","","12000","COLOR","AMARILLO - GP737","","1","","","","","","","","",""
"353999","LAPÍZ DELINEADOR NEON - MAGENTA - GP734","1","visible","","12000","COLOR","MAGENTA - GP734","","1","","","","","","","","",""
"353997","LAPÍZ DELINEADOR NEON - MORADO - GP739","1","visible","","12000","COLOR","MORADO - GP739","","1","","","","","","","","",""
"353998","LAPÍZ DELINEADOR NEON - ROSA - GP731","1","visible","","12000","COLOR","ROSA - GP731","","1","","","","","","","","",""
"156591","LÁPIZ PARA CEJAS","1","visible","","","MARCA","GENERICO","1","1","TONO","BLACK, BROWN, CHESTNUT, DARK GREY","1","1","EDAD","15-25, 25-35","1","1",""
"156599","LÁPIZ PARA CEJAS - BLACK","1","visible","","12000","TONO","BLACK","","1","","","","","","","","",""
"156598","LÁPIZ PARA CEJAS - BROWN","1","visible","","12000","TONO","BROWN","","1","","","","","","","","",""
"156600","LÁPIZ PARA CEJAS - CHESTNUT","1","visible","","12000","TONO","CHESTNUT","","1","","","","","","","","",""
"156601","LÁPIZ PARA CEJAS - DARK GREY","1","visible","","12000","TONO","DARK GREY","","1","","","","","","","","",""
"271513","LIMPIADOR DE BROCHAS ANTIBACTERIAL EN SECO","1","visible","","25000","MARCA","MIIS COSMETICS","1","1","","","","","","","","",""
"274367","LIMPIADOR Y MASAJEADOR FACIAL EN SILICONA","1","visible","","2000","MARCA","GENERICO","1","1","","","","","","","","",""
"342756","LIP MASK DE PROPOLEO","1","visible","","15000","MARCA","CLOTHES OF SKIN","1","1","","","","","","","","",""
"313088","LOCIÓN AZUFRADA","1","visible","","13000","MARCA","PILI","1","1","","","","","","","","",""
"362192","MAGIC FIX - SERUM POTENCIALIZADOR","1","visible","","30000","MARCA","RUBY ROSE","1","1","EDAD","45 en adelante","1","1","","","","",""
"307944","MASAJEADOR BEAUTY BAR HOLY","1","visible","","25000","MARCA","HOLY COSMETICS","1","1","EDAD","35-45, 45 en adelante","1","1","","","","",""
"36123","MASAJEADOR FACIAL 4 EN 1","1","visible","","14000","MARCA","GENERICO","1","1","","","","","","","","",""
"88424","MASAJEADOR FACIAL 5 EN 1","1","visible","","12000","MARCA","GENERICO","1","1","","","","","","","","",""
"309956","MASAJEADOR FACIAL EN SILICONA 3 EN 1","1","visible","","","MARCA","FOREVER","1","1","COLOR","AZUL, FUCSIA, ROSA","1","1","EDAD","35-45, 45 en adelante","1","1",""
"309971","MASAJEADOR FACIAL EN SILICONA 3 EN 1 - AZUL","1","visible","","15000","COLOR","AZUL","","1","","","","","","","","",""
"309972","MASAJEADOR FACIAL EN SILICONA 3 EN 1 - FUCSIA","1","visible","","15000","COLOR","FUCSIA","","1","","","","","","","","",""
"309973","MASAJEADOR FACIAL EN SILICONA 3 EN 1 - ROSA","1","visible","","15000","COLOR","ROSA","","1","","","","","","","","",""
"312547","MASAJEADOR FACIAL YUMI","1","visible","","","MARCA","GENERICO","1","1","COLOR","MORADO, ROSA, VERDE MENTA","1","1","EDAD","35-45, 45 en adelante","1","1",""
"312609","MASAJEADOR FACIAL YUMI - MORADO","1","visible","","25000","COLOR","MORADO","","1","","","","","","","","",""
"312626","MASAJEADOR FACIAL YUMI - ROSA","1","visible","","25000","COLOR","ROSA","","1","","","","","","","","",""
"312627","MASAJEADOR FACIAL YUMI - VERDE MENTA","1","visible","","25000","COLOR","VERDE MENTA","","1","","","","","","","","",""
"205314","MASAJEADOR ULTRASONIDO FACIAL","1","visible","","80000","MARCA","LAITESI","1","1","EDAD","35-45, 45 en adelante","1","1","","","","",""
"204938","MASCARILLA COLAGENO PARA LABIOS PILATEN","1","visible","","2000","MARCA","PILATEN","1","1","","","","","","","","",""
"227559","MASCARILLA COLAGENO PARA OJOS","1","visible","","2000","MARCA","PILATEN","1","1","","","","","","","","",""
"891","MASCARILLA CONTROL GRASA BEAUTY HOST","1","visible","","4000","MARCA","BEAUTY HOST","1","1","","","","","","","","",""
"366926","MASCARILLA DE ACIDO HIALURÓNICO PARA OJOS","1","visible","","20000","MARCA","KISS BEAUTY","1","1","EDAD","35-45, 45 en adelante","1","1","","","","",""
"892","MASCARILLA DE ALOE BEAUTY HOST","1","visible","","4000","MARCA","BEAUTY HOST","1","1","","","","","","","","",""
"355962","MASCARILLA DE ARCILLA","1","visible","","20000","MARCA","DOLCE BELLA","1","1","EDAD","15-25","1","1","","","","",""
"372341","MASCARILLA DE ARCILLA DE COLOR 3 PASOS","1","visible","","5000","Edades","15-25, 25-35, 35-45, 45 en adelante","1","1","","","","","","","","",""
"890","MASCARILLA DE CARACOL BEAUTY HOST","1","visible","","4000","MARCA","BEAUTY HOST","1","1","","","","","","","","",""
"95703","MASCARILLA DE COLAGENO PARA EL ROSTRO","1","visible","","6000","MARCA","BEAUTY HOST","1","1","","","","","","","","",""
"370401","MASCARILLA DE EXTRACTO DE ROSAS PARA OJOS","1","visible","","20000","MARCA","KISS BEAUTY","1","1","EDAD","35-45, 45 en adelante","1","1","","","","",""
"889","MASCARILLA DE ORO BEAUTY HOST","1","visible","","4000","MARCA","BEAUTY HOST","1","1","","","","","","","","",""
"312928","MASCARILLA EXFOLIANTE PARA PIES","1","visible","","10000","MARCA","BEAUTY HOST","1","1","","","","","","","","",""
"363979","MASCARILLA FACIAL OXIGENANTE CON BABA DE CARACOL","1","visible","","25000","MARCA","DOLCE BELLA","1","1","EDAD","35-45, 45 en adelante","1","1","","","","",""
"363981","MASCARILLA FACIAL OXIGENANTE CON CARBÓN ACTIVADO","1","visible","","25000","MARCA","DOLCE BELLA","1","1","EDAD","15-25","1","1","","","","",""
"313729","MASCARILLA HIDRATANTE DE COLAGENO","1","visible","","4000","MARCA","BEAUTY HOST","1","1","","","","","","","","",""
"366896","MASCARILLA HIDRATANTE PARA EL CUELLO","1","visible","","4000","MARCA","BEAUTY HOST","1","1","","","","","","","","",""
"342779","MASCARILLA HIDRATANTE PARA MANOS","1","visible","","7000","MARCA","BEAUTY HOST","1","1","","","","","","","","",""
"370407","MASCARILLA HIDRATANTE PARA OJOS","1","visible","","20000","MARCA","KISS BEAUTY","1","1","EDAD","25-35, 35-45","1","1","","","","",""
"312940","MASCARILLA HIDRATANTE PARA PIES","1","visible","","7000","MARCA","BEAUTY HOST","1","1","","","","","","","","",""
"356882","MASCARILLA ICE CREAM ALOE VERA","1","visible","","20000","MARCA","KISS BEAUTY","1","1","EDAD","35-45, 45 en adelante","1","1","","","","",""
"356871","MASCARILLA ICE CREAM CHISPITAS","1","visible","","20000","MARCA","KISS BEAUTY","1","1","EDAD","15-25","1","1","","","","",""
"356876","MASCARILLA ICE CREAM FRESA","1","visible","","20000","MARCA","KISS BEAUTY","1","1","EDAD","15-25","1","1","","","","",""
"35155","MASCARILLA PUNTOS NEGROS PILATEN","1","visible","","1000","MARCA","PILATEN","1","1","","","","","","","","",""
"241015","MASCARILLA REPOLARIZADORA COCO PARADISE","1","visible","","35000","MARCA","GOLDEN COCONUT","1","1","EDAD","25-35, 35-45, 45 en adelante","1","1","","","","",""
"366919","MOLDES GUIAS PARA UÑAS ACRÍLICAS O EN GEL - 500PCS","1","visible","","28000","MARCA","HOLY COSMETICS","1","1","EDAD","15-25, 25-35","1","1","","","","",""
"352027","PAINTING GEL POLISH","1","visible","","","MARCA","RONIKI","1","1","COLOR","BLANCO PART14, NEGRO PART15","1","1","EDAD","15-25, 25-35","1","1",""
"352030","PAINTING GEL POLISH - BLANCO PART14","1","visible","","15000","COLOR","BLANCO PART14","","1","","","","","","","","",""
"352031","PAINTING GEL POLISH - NEGRO PART15","1","visible","","15000","COLOR","NEGRO PART15","","1","","","","","","","","",""
"359286","PALA APLICADORA MULTIUSOS","1","visible","","2000","MARCA","GENERICO","1","1","","","","","","","","",""
"313080","PALETA COLOR FEST GLITTER","1","visible","","38000","MARCA","RUBY ROSE","1","1","EDAD","15-25","1","1","","","","",""
"357353","PALETA DE GLITTER LET`S GO PARTY","1","visible","","15000","MARCA","ANYLADY","1","1","","","","","","","","",""
"359656","PALETA DE GLITTER SWEET WORLD","1","visible","","30000","MARCA","VARIED QUEEN","1","1","","","","","","","","",""
"337352","PALETA FACE KIT BUTTERFLY","1","visible","","18000","MARCA","RUBY ROSE","1","1","","","","","","","","",""
"313119","PALETA KIT HEART","1","visible","","18000","MARCA","RUBY ROSE","1","1","","","","","","","","",""
"312948","PAPEL DE ARROZ HOLY","1","visible","","6000","MARCA","HOLY COSMETICS","1","1","","","","","","","","",""
"353986","PEGANTE PARA PESTAÑAS DUO ROSEWATER & BIOTIN","1","visible","","20000","MARCA","DUO","1","1","","","","","","","","",""
"351417","PESTAÑAS 3D REF38","1","visible","","8000","MARCA","MOST BEAUTY","1","1","","","","","","","","",""
"351643","PESTAÑINA AMOR A PRIMERA VISTA","1","visible","","18000","MARCA","VOGUE","1","1","","","","","","","","",""
"351645","PESTAÑINA EFECTO PESTAÑAS DE MUÑECA","1","visible","","15000","MARCA","VOGUE","1","1","","","","","","","","",""
"351891","PESTAÑINA EFECTO TOTAL 6","1","visible","","15000","MARCA","VOGUE","1","1","","","","","","","","",""
"340177","PESTAÑINA LASH  SENSATIONAL WATERPROOF","1","visible","","32000","MARCA","MAYBELLINE","1","1","","","","","","","","",""
"39396","PESTAÑINA LASH SENSATIONAL","1","visible","","30000","MARCA","MAYBELLINE","1","1","","","","","","","","",""
"316411","PESTAÑINA SUPER VOLUMINOSA Y DEFINIDAS MORADA","1","visible","","13000","MARCA","MAYBELLINE","1","1","","","","","","","","",""
"36262","PESTAÑINA THE COLOSSAL VOLUM'EXPRESS","1","visible","","28000","MARCA","MAYBELLINE","1","1","","","","","","","","",""
"208724","PESTAÑINA THE COLOSSAL VOLUM'EXPRESS WATERPROOF","1","visible","","28000","MARCA","MAYBELLINE","1","1","","","","","","","","",""
"359045","PESTAÑINA THE FALSIES LASHLIFT WATERPROOF","1","visible","","37000","MARCA","MAYBELLINE","1","1","","","","","","","","",""
"336640","PESTAÑINA TRÓPICO CURVA & VOLUME NUDE","1","visible","","13000","MARCA","RUBY ROSE","1","1","","","","","","","","",""
"232479","PINZA PARA PESTAÑAS HOLY","1","visible","","3000","MARCA","HOLY COSMETICS","1","1","","","","","","","","",""
"351001","PINZA RIZADORA 3 TUBOS","1","visible","","","MARCA","JUNMA","1","1","COLOR","DORADO, ROSADO, ROSADO/NEGRO","1","1","EDAD","15-25","1","1",""
"364429","PINZA RIZADORA 3 TUBOS - DORADO","1","visible","","70000","COLOR","DORADO","","1","","","","","","","","",""
"364430","PINZA RIZADORA 3 TUBOS - ROSADO","1","visible","","70000","COLOR","ROSADO","","1","","","","","","","","",""
"372234","PINZA RIZADORA 3 TUBOS - ROSADO/NEGRO","1","visible","","70000","COLOR","ROSADO/NEGRO","","1","","","","","","","","",""
"351635","PLANCHA BABYLISS PRO RAPIDO","1","visible","","200000","MARCA","BABYLISS","1","1","EDAD","15-25, 25-35","1","1","","","","",""
"351567","PLANCHA BABYLISS SOL GEL PRISMATIC","1","visible","","280000","MARCA","BABYLISS","1","1","EDAD","15-25, 25-35","1","1","","","","",""
"119443","PLANCHA BABYLISS-SOL GEL ANCHA","1","visible","","270000","MARCA","BABYLISS","1","1","EDAD","15-25, 25-35","1","1","","","","",""
"210205","PLANCHA PARA EL CABELLO VAPOR","1","visible","","90000","MARCA","HEALTHY &amp","0","1","EDAD","15-25, 25-35, 35-45","1","1","","","","",""
"64700","PLANCHA REMINGTON ACEITE DE ARGAN","1","visible","","180000","MARCA","REMINGTON","1","1","EDAD","25-35, 35-45","1","1","","","","",""
"64684","PLANCHA REMINGTON AGUACATE CON MACADAMIA","1","visible","","180000","MARCA","REMINGTON","1","1","EDAD","35-45, 45 en adelante","1","1","","","","",""
"252651","PLANCHA REMINGTON CON CERÁMICA Y COCO","1","visible","","145000","MARCA","REMINGTON","1","1","EDAD","15-25, 25-35","1","1","","","","",""
"212084","PLANCHA REMINGTON FRIZZ THERAPY","1","visible","","200000","MARCA","REMINGTON","1","1","EDAD","15-25","1","1","","","","",""
"64737","PLANCHA REMINGTON KERATINA Y ARGAN","1","visible","","220000","MARCA","REMINGTON","1","1","EDAD","15-25, 25-35","1","1","","","","",""
"64705","PLANCHA REMINGTON SALES DE MAR-ALISA SOBRE MOJADO","1","visible","","210000","MARCA","REMINGTON","1","1","EDAD","15-25","1","1","","","","",""
"367740","PLANCHA REMINGTON SALES DE MAR-ALISA SOBRE MOJADO ANCHA","1","visible","","230000","MARCA","REMINGTON","1","1","EDAD","15-25","1","1","","","","",""
"125798","PLANCHA REMINGTON TRIPLE INFUSION","1","visible","","180000","MARCA","REMINGTON","1","1","EDAD","25-35","1","1","","","","",""
"313684","POLVO COMPACTO KHOL","1","visible","","","MARCA","KHOL","1","1","TONO","01, 02, 03, 04","1","1","EDAD","25-35","1","1",""
"313695","POLVO COMPACTO KHOL - 01","1","visible","","32000","TONO","1","","1","","","","","","","","",""
"313696","POLVO COMPACTO KHOL - 02","1","visible","","32000","TONO","2","","1","","","","","","","","",""
"313697","POLVO COMPACTO KHOL - 03","1","visible","","32000","TONO","3","","1","","","","","","","","",""
"313698","POLVO COMPACTO KHOL - 04","1","visible","","32000","TONO","4","","1","","","","","","","","",""
"341654","POLVO COMPACTO SELFIE","1","visible","","12000","MARCA","","","","","","","","","","","",""
"341658","POLVO COMPACTO SELFIE","1","visible","","12000","MARCA","","","","","","","","","","","",""
"341659","POLVO COMPACTO SELFIE","1","visible","","12000","MARCA","","","","","","","","","","","",""
"340724","POLVO TRANSLUCIDO FEELS","1","visible","","16000","MARCA","RUBY ROSE","1","1","","","","","","","","",""
"316494","POMADA PARA CEJAS RUBY ROSE","1","visible","","","MARCA","RUBY ROSE","1","1","TONO","DARK, LIGHT, MEDIUM","1","1","EDAD","25-35","1","1",""
"316509","POMADA PARA CEJAS RUBY ROSE - DARK","1","visible","","8000","TONO","DARK","","1","","","","","","","","",""
"316508","POMADA PARA CEJAS RUBY ROSE - LIGHT","1","visible","","8000","TONO","LIGHT","","1","","","","","","","","",""
"65995","POMADA PARA CEJAS Y PESTAÑAS CILKA","1","visible","","25000","MARCA","CILKA","1","1","","","","","","","","",""
"336837","PRIMER FACIAL SKIN PERFECT","1","visible","","16000","MARCA","RUBY ROSE","1","1","","","","","","","","",""
"356626","PRIMER FEELS","1","visible","","18000","MARCA","RUBY ROSE","1","1","","","","","","","","",""
"363915","PRIMER HIDRATANTE CON ÁCIDO HIALURÓNICO","1","visible","","18000","MARCA","RUBY ROSE","1","1","","","","","","","","",""
"367979","PROTECTOR SOLAR SPF50+","1","visible","","36000","MARCA","DOLCE BELLA","1","1","EDAD","35-45, 45 en adelante","1","1","","","","",""
"366984","RECIPIENTE DE CRISTAL PARA MONOMERO","1","visible","","3000","MARCA","HOLY COSMETICS","1","1","","","","","","","","",""
"366969","RECOLECTOR DE PRODUCTO PARA DECORACION DE UÑAS","1","visible","","10000","MARCA","FINGERTIP ART","1","1","","","","","","","","",""
"209542","REMOVEDOR DE ESMALTE SEMIPERMANENTE Y ACRILICO","1","visible","","5000","MARCA","CNDSE","1","1","","","","","","","","",""
"366914","REMOVEDOR ELECTRICO DE CALLOS PARA PIES","1","visible","","100000","MARCA","HOLY COSMETICS","1","1","EDAD","45 en adelante","1","1","","","","",""
"197649","RIZADOR HOLY","1","visible","","","EDAD","15-25, 25-35, 35-45, 45 en adelante","1","1","MARCA","HOLY COSMETICS","1","1","COLORES","AZUL, MORADO, ROSA","1","1",""
"372987","RIZADOR HOLY - AZUL","1","visible","","20000","COLORES","AZUL","","1","","","","","","","","",""
"372988","RIZADOR HOLY - MORADO","1","visible","","20000","COLORES","MORADO","","1","","","","","","","","",""
"372989","RIZADOR HOLY - ROSA","1","visible","","20000","COLORES","ROSA","","1","","","","","","","","",""
"307981","RODILLO FACIAL DE CUARZO ROSA HOLY","1","visible","","40000","MARCA","HOLY COSMETICS","1","1","EDAD","35-45, 45 en adelante","1","1","","","","",""
"211358","RUBOR 4 TONOS","1","visible","","12000","MARCA","AMUSE","1","1","","","","","","","","",""
"313135","RUBOR NEW VIBE 01","1","visible","","10000","MARCA","RUBY ROSE","1","1","","","","","","","","",""
"341832","RUBOR NEW VIBE 06","1","visible","","10000","MARCA","RUBY ROSE","1","1","","","","","","","","",""
"341833","RUBOR NEW VIBE 07","1","visible","","10000","MARCA","RUBY ROSE","1","1","","","","","","","","",""
"361938","RUBOR NEW VIBE 08","1","visible","","10000","MARCA","RUBY ROSE","1","1","","","","","","","","",""
"341469","RUBOR SOFT TOUCH 02","1","visible","","15000","MARCA","RUBY ROSE","1","1","","","","","","","","",""
"341473","RUBOR SOFT TOUCH 03","1","visible","","15000","MARCA","RUBY ROSE","1","1","","","","","","","","",""
"341476","RUBOR SOFT TOUCH 04","1","visible","","15000","MARCA","RUBY ROSE","1","1","","","","","","","","",""
"100790","SAUNA FACIAL","1","visible","","50000","MARCA","BENICE","1","1","EDAD","35-45, 45 en adelante","1","1","","","","",""
"96099","SAUNA FACIAL PROFESIONAL","1","visible","","70000","MARCA","BENICE","1","1","EDAD","35-45, 45 en adelante","1","1","","","","",""
"207632","SECADOR PRO TITANIUM","1","visible","","120000","MARCA","REMINGTON","1","1","EDAD","25-35, 35-45","1","1","","","","",""
"239941","SECADOR REMINGTON POWER SHINE 2200","1","visible","","130000","MARCA","REMINGTON","1","1","EDAD","15-25","1","1","","","","",""
"285431","SECADOR REMINGTON SHINE THERAPY- AGUACATE CON MACADAMIA","1","visible","","180000","MARCA","REMINGTON","1","1","EDAD","35-45, 45 en adelante","1","1","","","","",""
"342765","SERUM GOLD HIDRATANTE Y REPARADOR","1","visible","","25000","MARCA","ELOV","1","1","EDAD","35-45, 45 en adelante","1","1","","","","",""
"367726","SERUM PARA EL CONTORNO DE OJOS","1","visible","","16000","MARCA","KARITÉ","1","1","","","","","","","","",""
"358288","SERUM REPARADOR DE PUNTAS COCO SUNSHINE","1","visible","","30000","MARCA","GOLDEN COCONUT","1","1","EDAD","25-35, 35-45, 45 en adelante","1","1","","","","",""
"370904","SET DE MOÑAS 20 PCS ECO-FRENDLY | BLACK","1","visible","","15000","MARCA","HOLY COSMETICS","1","1","","","","","","","","",""
"370909","SET DE MOÑAS 6 PCS ECO-FRENDLY | BLUE","1","visible","","5000","MARCA","HOLY COSMETICS","1","1","","","","","","","","",""
"370926","SET DE MOÑAS 6 PCS ECO-FRENDLY | EARTH","1","visible","","5000","MARCA","HOLY COSMETICS","1","1","","","","","","","","",""
"370923","SET DE MOÑAS 6 PCS ECO-FRENDLY | GRAY","1","visible","","5000","MARCA","HOLY COSMETICS","1","1","","","","","","","","",""
"370905","SET DE MOÑAS 6 PCS ECO-FRENDLY | GREEN","1","visible","","5000","MARCA","HOLY COSMETICS","1","1","","","","","","","","",""
"370908","SET DE MOÑAS 6 PCS ECO-FRENDLY | NUDE","1","visible","","5000","MARCA","HOLY COSMETICS","1","1","","","","","","","","",""
"370925","SET DE MOÑAS 6 PCS ECO-FRENDLY | PARIS","1","visible","","5000","MARCA","HOLY COSMETICS","1","1","","","","","","","","",""
"370906","SET DE MOÑAS 6 PCS ECO-FRENDLY | PINK","1","visible","","5000","MARCA","HOLY COSMETICS","1","1","","","","","","","","",""
"370924","SET DE MOÑAS 6 PCS ECO-FRENDLY | RED","1","visible","","5000","MARCA","HOLY COSMETICS","1","1","","","","","","","","",""
"370907","SET DE MOÑAS 6 PCS ECO-FRENDLY | WINE","1","visible","","5000","MARCA","HOLY COSMETICS","1","1","","","","","","","","",""
"371008","SET DE MOÑAS 6 PCS ECO-FRENDLY | ZEBRA","1","visible","","5000","MARCA","HOLY COSMETICS","1","1","","","","","","","","",""
"351124","SHINE BODY GLOW","1","visible","","","MARCA","RUBY ROSE","1","1","COLOR","DEEP GLOW 02, GOLD TAN 04, MOON LIGHT 01, WARM STAR 03","1","1","EDAD","25-35, 35-45, 45 en adelante","1","1",""
"351126","SHINE BODY GLOW - DEEP GLOW 02","1","visible","","18000","COLOR","DEEP GLOW 02","","1","","","","","","","","",""
"351128","SHINE BODY GLOW - GOLD TAN 04","1","visible","","18000","COLOR","GOLD TAN 04","","1","","","","","","","","",""
"351125","SHINE BODY GLOW - MOON LIGHT 01","1","visible","","18000","COLOR","MOON LIGHT 01","","1","","","","","","","","",""
"351127","SHINE BODY GLOW - WARM STAR 03","1","visible","","18000","COLOR","WARM STAR 03","","1","","","","","","","","",""
"252111","SOMBRA COLOR BURST","1","visible","","35000","MARCA","OKALAN","1","1","EDAD","35-45, 45 en adelante","1","1","","","","",""
"357339","SOMBRA FANTASTIC","1","visible","","35000","MARCA","ANYLADY","1","1","EDAD","25-35, 35-45","1","1","","","","",""
"357327","SOMBRA HOLIDAY","1","visible","","35000","MARCA","ANYLADY","1","1","EDAD","15-25","1","1","","","","",""
"355942","SOMBRA LA CHICA ENAMORADA","1","visible","","35000","MARCA","KARA BEAUTY","1","1","EDAD","15-25","1","1","","","","",""
"355936","SOMBRA LA REINA AZTECA","1","visible","","35000","MARCA","KARA BEAUTY","1","1","EDAD","25-35, 35-45, 45 en adelante","1","1","","","","",""
"346306","SOMBRA LATTE","1","visible","","16000","MARCA","RUBY ROSE","1","1","","","","","","","","",""
"359645","SOMBRA MUSIC IN YOUR SOUL","1","visible","","25000","MARCA","ANYLADY","1","1","","","","","","","","",""
"355933","SOMBRA ORANGE POP","1","visible","","30000","MARCA","KARA BEAUTY","1","1","","","","","","","","",""
"331126","SOMBRA PEACH","1","visible","","15000","MARCA","BEAUTY GLAZED","1","1","","","","","","","","",""
"357326","SOMBRA TROPICAL FRUIT","1","visible","","35000","MARCA","VARIED QUEEN","1","1","","","","","","","","",""
"357311","SOMBRA VITATA TEMPLE","1","visible","","35000","MARCA","ANYLADY","1","1","","","","","","","","",""
"182699","SOMBRAS CRYPTIC","1","visible","","40000","MARCA","OKALAN","1","1","EDAD","15-25","1","1","","","","",""
"343583","SOPORTE PARA BROCHAS","1","visible","","13000","MARCA","GENERICO","1","1","","","","","","","","",""
"357321","SOPORTE PARA ESPONJA - PLATEADO","1","visible","","6000","COLOR","PLATEADO","","1","","","","","","","","",""
"342782","SPRAY DE AMINOACIDOS","1","visible","","15000","MARCA","BEAUTY HOST","1","1","","","","","","","","",""
"312916","SPRAY HIDRATANTE CON ÁCIDO HIALURÓNICO","1","visible","","15000","MARCA","BEAUTY HOST","1","1","","","","","","","","",""
"312907","SPRAY REVITALIZADOR CON VITAMINA E","1","visible","","15000","MARCA","BEAUTY HOST","1","1","","","","","","","","",""
"312273","SUERO ANTIEDAD","1","visible","","20000","MARCA","KHOL","1","1","","","","","","","","",""
"63342","SUERO FACIAL","1","visible","","20000","MARCA","DOLCE BELLA","1","1","","","","","","","","",""
"306876","SUERO FACIAL HIDRO -VITAMINA C & E","1","visible","","30000","MARCA","DOLCE BELLA","1","1","EDAD","45 en adelante","1","1","","","","",""
"354922","TINTA DE LABIOS CANDY DRINK - TONO 3","1","visible","","8000","TONO","TONO 3","","1","","","","","","","","",""
"370534","TINTA PARA LABIOS","1","visible","","","MARCA","RUBY ROSE","1","1","TONO","CRAN BERRY JUICE, FRESH RED, PITAYA POOL, SUMMER CORAL","1","1","EDAD","45 en adelante","1","1",""
"370536","TINTA PARA LABIOS - CRAN BERRY JUICE","1","visible","","10000","TONO","CRAN BERRY JUICE","","1","","","","","","","","",""
"370537","TINTA PARA LABIOS - FRESH RED","1","visible","","10000","TONO","FRESH RED","","1","","","","","","","","",""
"370538","TINTA PARA LABIOS - PITAYA POOL","1","visible","","10000","TONO","PITAYA POOL","","1","","","","","","","","",""
"370539","TINTA PARA LABIOS - SUMMER CORAL","1","visible","","10000","TONO","SUMMER CORAL","","1","","","","","","","","",""
"328886","TOALLA DE MICROFIBRA PARA EL CABELLO BALLENA","1","visible","","","MARCA","JENNIFER","1","1","COLOR","AZUL, GRIS, ROSA","1","1","EDAD","45 en adelante","1","1",""
"372460","TOALLA DE MICROFIBRA PARA EL CABELLO BALLENA - AZUL","1","visible","","15000","COLOR","AZUL","","1","","","","","","","","",""
"328905","TOALLA DE MICROFIBRA PARA EL CABELLO BALLENA - GRIS","1","visible","","15000","COLOR","GRIS","","1","","","","","","","","",""
"328906","TOALLA DE MICROFIBRA PARA EL CABELLO BALLENA - ROSA","1","visible","","15000","COLOR","ROSA","","1","","","","","","","","",""
"313630","TOALLA DE MICROFIBRA PARA EL CABELLO MOÑITO","1","visible","","","MARCA","JENNIFER","1","1","COLOR","GRIS, ROSA","1","1","EDAD","45 en adelante","1","1",""
"313637","TOALLA DE MICROFIBRA PARA EL CABELLO MOÑITO - GRIS","1","visible","","15000","COLOR","GRIS","","1","","","","","","","","",""
"313638","TOALLA DE MICROFIBRA PARA EL CABELLO MOÑITO - ROSA","1","visible","","15000","COLOR","ROSA","","1","","","","","","","","",""
"213258","VOLUMINIZADOR DE LABIOS","1","visible","","12000","MARCA","MINISTAR","1","1","","","","","","","","",""
"122761","WISHES DO COME TRU GLOW (PRIMER OIL)","1","visible","","","MARCA","BEAUTY CREATIONS","1","1","COLOR","GOLD, ROSE GOLD","1","1","EDAD","45 en adelante","1","1",""
"355914","WISHES DO COME TRU GLOW (PRIMER OIL) - GOLD","1","visible","","35000","COLOR","GOLD","","1","","","","","","","","",""
"355912","WISHES DO COME TRU GLOW (PRIMER OIL) - ROSE GOLD","1","visible","","35000","COLOR","ROSE GOLD","","1","","","","","","","","",""
